CFGMEM_ID,HIDDEN,NAME,COMPATIBLE_DEVICES,MEM_DEVICE,MEM_TYPE,MEM_DENSITY,DATA_WIDTH,COMPATIBLE_RS_PINS,MEM_MANUFACTURER,MEM_INTERFACE_FILE,NUM_CFG_FILES,MEM_DEVICE_ALIAS,MEM_FAMILY
11,1,qspi-x4-single,#NAME?,qspi,qspi,0,x4-single,,,,1,,
12,1,qspi-x4-dual_stacked,#NAME?,qspi,qspi,0,x4-dual_stacked,,,,1,,
13,1,qspi-x8-dual_parallel,#NAME?,qspi,qspi,0,x8-dual_parallel,,,,1,,
14,1,nor,#NAME?,nor,nor,0,NA,,,,1,,
15,1,nand-x8,#NAME?,nand,nand,0,NA,,,,1,,
16,1,nand-x16,#NAME?,nand,nand,0,NA,,,,1,,
17,0,s29gl128s-bpi-x16,#NAME?,s29gl128s,bpi,128,x16,"""22:13""",Spansion,,1,,s29glxxxs
18,0,s29gl128p-bpi-x16,#NAME?,s29gl128p,bpi,128,x16,"""22:13""",Spansion,,1,,s29glxxxp
19,0,s29gl256p-bpi-x16,#NAME?,s29gl256p,bpi,256,x16,"""23:13""",Spansion,,1,,s29glxxxp
20,0,s29gl512p-bpi-x16,#NAME?,s29gl512p,bpi,512,x16,"""24:13""",Spansion,,1,,s29glxxxp
21,0,s29gl01gp-bpi-x16,#NAME?,s29gl01gp,bpi,1024,x16,"""25:13""",Spansion,,1,,s29glxxxp
22,0,s29gl256s-bpi-x16,#NAME?,s29gl256s,bpi,256,x16,"""23:13""",Spansion,,1,,s29glxxxs
23,0,s29gl512s-bpi-x16,#NAME?,s29gl512s,bpi,512,x16,"""24:13""",Spansion,,1,,s29glxxxs
24,0,s29gl01gs-bpi-x16,#NAME?,s29gl01gs,bpi,1024,x16,"""25:13""",Spansion,,1,,s29glxxxs
25,0,s29gl128p-bpi-x8,#NAME?,s29gl128p,bpi,128,x8,"""23:13""",Spansion,,1,,s29glxxxp
26,0,s29gl256p-bpi-x8,#NAME?,s29gl256p,bpi,256,x8,"""24:13""",Spansion,,1,,s29glxxxp
27,0,s29gl512p-bpi-x8,#NAME?,s29gl512p,bpi,512,x8,"""25:13""",Spansion,,1,,s29glxxxp
28,0,s29gl01gp-bpi-x8,#NAME?,s29gl01gp,bpi,1024,x8,"""26:13""",Spansion,,1,,s29glxxxp
29,0,28f640p30t-bpi-x16,#NAME?,28f640p30t,bpi,64,x16,"""21:13""",Micron,,1,,p30
30,0,28f640p30b-bpi-x16,#NAME?,28f640p30b,bpi,64,x16,"""21:13""",Micron,,1,,p30
31,0,28f128p30t-bpi-x16,#NAME?,28f128p30t,bpi,128,x16,"""22:13""",Micron,,1,,p30
32,0,28f128p30b-bpi-x16,#NAME?,28f128p30b,bpi,128,x16,"""22:13""",Micron,,1,,p30
33,0,28f256p30t-bpi-x16,#NAME?,28f256p30t,bpi,256,x16,"""23:13""",Micron,,1,,p30
34,0,28f256p30b-bpi-x16,#NAME?,28f256p30b,bpi,256,x16,"""23:13""",Micron,,1,,p30
35,0,28f512p30t-bpi-x16,#NAME?,28f512p30t,bpi,512,x16,"""24:13""",Micron,,1,,p30
36,0,28f512p30e-bpi-x16,#NAME?,28f512p30e,bpi,512,x16,"""24:13""",Micron,,1,,p30
37,0,28f512p30b-bpi-x16,#NAME?,28f512p30b,bpi,512,x16,"""24:13""",Micron,,1,,p30
38,0,28f00ap30t-bpi-x16,#NAME?,28f00ap30t,bpi,1024,x16,"""25:13""",Micron,,1,,p30
39,0,28f00ap30e-bpi-x16,#NAME?,28f00ap30e,bpi,1024,x16,"""25:13""",Micron,,1,,p30
40,0,28f00ap30b-bpi-x16,#NAME?,28f00ap30b,bpi,1024,x16,"""25:13""",Micron,,1,,p30
41,0,28f00bp30e-bpi-x16,#NAME?,28f00bp30e,bpi,2048,x16,"""26:13""",Micron,,1,,p30
42,0,28f640p33t-bpi-x16,#NAME?,28f640p33t,bpi,64,x16,"""21:13""",Micron,,1,,p33
43,0,28f640p33b-bpi-x16,#NAME?,28f640p33b,bpi,64,x16,"""21:13""",Micron,,1,,p33
44,0,28f128p33t-bpi-x16,#NAME?,28f128p33t,bpi,128,x16,"""22:13""",Micron,,1,,p33
45,0,28f128p33b-bpi-x16,#NAME?,28f128p33b,bpi,128,x16,"""22:13""",Micron,,1,,p33
48,0,28f256p33t-bpi-x16,#NAME?,28f256p33t,bpi,256,x16,"""23:13""",Micron,,1,,p33
49,0,28f256p33b-bpi-x16,#NAME?,28f256p33b,bpi,256,x16,"""23:13""",Micron,,1,,p33
50,0,28f512p33t-bpi-x16,#NAME?,28f512p33t,bpi,512,x16,"""24:13""",Micron,,1,,p33
51,0,28f512p33e-bpi-x16,#NAME?,28f512p33e,bpi,512,x16,"""24:13""",Micron,,1,,p33
52,0,28f512p33b-bpi-x16,#NAME?,28f512p33b,bpi,512,x16,"""24:13""",Micron,,1,,p33
53,0,28f00ap33t-bpi-x16,#NAME?,28f00ap33t,bpi,1024,x16,"""25:13""",Micron,,1,,p33
54,0,28f00ap33e-bpi-x16,#NAME?,28f00ap33e,bpi,1024,x16,"""25:13""",Micron,,1,,p33
55,0,28f00ap33b-bpi-x16,#NAME?,28f00ap33b,bpi,1024,x16,"""25:13""",Micron,,1,,p33
57,0,28f128g18f-bpi-x16,#NAME?,28f128g18f,bpi,128,x16,"""22:13""",Micron,,1,,g18
61,0,28f064m29ewh-bpi-x16,#NAME?,28f064m29ewh,bpi,64,x16,"""21:13""",Micron,,1,,m29ew
62,0,28f064m29ewl-bpi-x16,#NAME?,28f064m29ewl,bpi,64,x16,"""21:13""",Micron,,1,,m29ew
63,0,28f064m29ewt-bpi-x16,#NAME?,28f064m29ewt,bpi,64,x16,"""21:13""",Micron,,1,,m29ew
64,0,28f064m29ewb-bpi-x16,#NAME?,28f064m29ewb,bpi,64,x16,"""21:13""",Micron,,1,,m29ew
65,0,28f128m29ew-bpi-x16,#NAME?,28f128m29ew,bpi,128,x16,"""22:13""",Micron,,1,,m29ew
66,0,28f256m29ew-bpi-x16,#NAME?,28f256m29ew,bpi,256,x16,"""23:13""",Micron,,1,,m29ew
67,0,28f512m29ew-bpi-x16,#NAME?,28f512m29ew,bpi,512,x16,"""24:13""",Micron,,1,,m29ew
68,0,28f00am29ew-bpi-x16,#NAME?,28f00am29ew,bpi,1024,x16,"""25:13""",Micron,,1,,m29ew
69,0,28f00bm29ew-bpi-x16,#NAME?,28f00bm29ew,bpi,2048,x16,"""26:13""",Micron,,1,,m29ew
70,0,28f064m29ewh-bpi-x8,#NAME?,28f064m29ewh,bpi,64,x8,"""22:13""",Micron,,1,,m29ew
71,0,28f064m29ewl-bpi-x8,#NAME?,28f064m29ewl,bpi,64,x8,"""22:13""",Micron,,1,,m29ew
72,0,28f064m29ewt-bpi-x8,#NAME?,28f064m29ewt,bpi,64,x8,"""22:13""",Micron,,1,,m29ew
73,0,28f064m29ewb-bpi-x8,#NAME?,28f064m29ewb,bpi,64,x8,"""22:13""",Micron,,1,,m29ew
74,0,28f128m29ew-bpi-x8,#NAME?,28f128m29ew,bpi,128,x8,"""23:13""",Micron,,1,,m29ew
75,0,28f256m29ew-bpi-x8,#NAME?,28f256m29ew,bpi,256,x8,"""24:13""",Micron,,1,,m29ew
76,0,28f512m29ew-bpi-x8,#NAME?,28f512m29ew,bpi,512,x8,"""25:13""",Micron,,1,,m29ew
77,0,28f00am29ew-bpi-x8,#NAME?,28f00am29ew,bpi,1024,x8,"""26:13""",Micron,,1,,m29ew
78,0,28f00bm29ew-bpi-x8,#NAME?,28f00bm29ew,bpi,2048,x8,"""27:13""",Micron,,1,,m29ew
79,0,s25fl032p-spi-x1_x2_x4,#NAME?,s25fl032p,spi,32,x1_x2_x4,,Spansion,,1,,s25flxxxp
80,0,s25fl064p-spi-x1_x2_x4,#NAME?,s25fl064p,spi,64,x1_x2_x4,,Spansion,,1,,s25flxxxp
81,0,s25fl128sxxxxxx0-spi-x1_x2_x4,#NAME?,s25fl128sxxxxxx0,spi,128,x1_x2_x4,,Spansion,,1,s25fl127s-spi-x1_x2_x4,s25flxxxs
82,0,s25fl164k-spi-x1_x2_x4,#NAME?,s25fl164k,spi,64,x1_x2_x4,,Spansion,,1,,s25fl1
83,0,s25fl256sxxxxxx0-spi-x1_x2_x4,#NAME?,s25fl256sxxxxxx0,spi,256,x1_x2_x4,,Spansion,,1,,s25flxxxs
84,0,s25fl512s-spi-x1_x2_x4,#NAME?,s25fl512s,spi,512,x1_x2_x4,,Spansion,,1,,s25flxxxs
89,0,mt25qu512-spi-x1_x2_x4,#NAME?,mt25qu512,spi,512,x1_x2_x4,,Micron,,1,,mt25qu
90,0,mt25ql128-spi-x1_x2_x4,#NAME?,mt25ql128,spi,128,x1_x2_x4,,Micron,,1,n25q128-3.3v-spi-x1_x2_x4,mt25ql
91,0,mt25qu128-spi-x1_x2_x4,#NAME?,mt25qu128,spi,128,x1_x2_x4,,Micron,,1,n25q128-1.8v-spi-x1_x2_x4,mt25qu
92,0,mt25ql256-spi-x1_x2_x4,#NAME?,mt25ql256,spi,256,x1_x2_x4,,Micron,,1,n25q256-3.3v-spi-x1_x2_x4,mt25ql
93,0,mt25qu256-spi-x1_x2_x4_x8,#NAME?,mt25qu256,spi,256,x1_x2_x4_x8,,Micron,,2,n25q256-1.8v-spi-x1_x2_x4_x8,mt25qu
94,0,n25q32-3.3v-spi-x1_x2_x4,#NAME?,n25q32-3.3v,spi,32,x1_x2_x4,,Micron,,1,,n25q
95,0,n25q32-1.8v-spi-x1_x2_x4,#NAME?,n25q32-1.8v,spi,32,x1_x2_x4,,Micron,,1,,n25q
96,0,n25q64-3.3v-spi-x1_x2_x4,#NAME?,n25q64-3.3v,spi,64,x1_x2_x4,,Micron,,1,,n25q
97,0,n25q64-1.8v-spi-x1_x2_x4,#NAME?,n25q64-1.8v,spi,64,x1_x2_x4,,Micron,,1,,n25q
100,0,28f032m29ewt-nor-x8,#NAME?,28f032m29ewt,nor,32,x8,,Micron,,1,,m29ew
101,0,28f064m29ewt-nor-x8,#NAME?,28f064m29ewt,nor,64,x8,,Micron,,1,,m29ew
102,0,28f128m29ewh-nor-x8,#NAME?,28f128m29ewh,nor,128,x8,,Micron,,1,,m29ew
103,0,28f256m29ewh-nor-x8,#NAME?,28f256m29ewh,nor,256,x8,,Micron,,1,,m29ew
104,0,28f512m29ewh-nor-x8,#NAME?,28f512m29ewh,nor,512,x8,,Micron,,1,,m29ew
120,0,mt29f2g08ab-nand-x8,#NAME?,mt29f2g08ab,nand,2048,x8,,Micron,,1,,mt29f
121,0,mt29f2g16ab-nand-x16,#NAME?,mt29f2g16ab,nand,2048,x16,,Micron,,1,,mt29f
122,0,s34ml02g1-nand-x8,#NAME?,s34ml02g1,nand,2048,x8,,Spansion,,1,,s34ml
123,0,s34ml02g1-nand-x16,#NAME?,s34ml02g1,nand,2048,x16,,Spansion,,1,,s34ml
124,0,s34ml01g1-nand-x8,#NAME?,s34ml01g1,nand,1024,x8,,Spansion,,1,,s34ml
125,0,s34ml01g1-nand-x16,#NAME?,s34ml01g1,nand,1024,x16,,Spansion,,1,,s34ml
140,0,n25q64-1.8v-qspi-x4-single,#NAME?,n25q64-1.8v,qspi,64,x4-single,,Micron,,1,,n25q
141,0,n25q64-1.8v-qspi-x8-dual_parallel,#NAME?,n25q64-1.8v,qspi,64,x8-dual_parallel,,Micron,,1,,n25q
142,0,n25q64-1.8v-qspi-x4-dual_stacked,#NAME?,n25q64-1.8v,qspi,64,x4-dual_stacked,,Micron,,1,,n25q
146,0,mt25qu128-qspi-x4-single,#NAME?,mt25qu128,qspi,128,x4-single,,Micron,,1,n25q128-1.8v-qspi-x4-single,mt25qu
147,0,mt25qu128-qspi-x8-dual_parallel,#NAME?,mt25qu128,qspi,128,x8-dual_parallel,,Micron,,1,n25q128-1.8v-qspi-x8-dual_parallel,mt25qu
148,0,mt25qu128-qspi-x4-dual_stacked,#NAME?,mt25qu128,qspi,128,x4-dual_stacked,,Micron,,1,n25q128-1.8v-qspi-x4-dual_stacked,mt25qu
149,0,mt25qu256-qspi-x4-single,#NAME?,mt25qu256,qspi,256,x4-single,,Micron,,1,n25q256-1.8v-qspi-x4-single,mt25qu
150,0,mt25qu256-qspi-x8-dual_parallel,#NAME?,mt25qu256,qspi,256,x8-dual_parallel,,Micron,,1,n25q256-1.8v-qspi-x8-dual_parallel,mt25qu
151,0,mt25qu256-qspi-x4-dual_stacked,#NAME?,mt25qu256,qspi,256,x4-dual_stacked,,Micron,,1,n25q256-1.8v-qspi-x4-dual_stacked,mt25qu
152,0,mt25qu512-qspi-x4-single,#NAME?,mt25qu512,qspi,512,x4-single,,Micron,,1,n25q512-1.8v-qspi-x4-single,mt25qu
153,0,mt25qu512-qspi-x8-dual_parallel,#NAME?,mt25qu512,qspi,512,x8-dual_parallel,,Micron,,1,n25q512-1.8v-qspi-x8-dual_parallel,mt25qu
154,0,mt25qu512-qspi-x4-dual_stacked,#NAME?,mt25qu512,qspi,512,x4-dual_stacked,,Micron,,1,n25q512-1.8v-qspi-x4-dual_stacked,mt25qu
155,0,mt25qu01g-qspi-x4-single,#NAME?,mt25qu01g,qspi,1024,x4-single,,Micron,,1,n25q00a-1.8v-qspi-x4-single,mt25qu
156,0,mt25qu01g-qspi-x8-dual_parallel,#NAME?,mt25qu01g,qspi,1024,x8-dual_parallel,,Micron,,1,n25q00a-1.8v-qspi-x8-dual_parallel,mt25qu
157,0,mt25qu01g-qspi-x4-dual_stacked,#NAME?,mt25qu01g,qspi,1024,x4-dual_stacked,,Micron,,1,n25q00a-1.8v-qspi-x4-dual_stacked,mt25qu
160,0,s25fl129p-qspi-x4-single,#NAME?,s25fl129p,qspi,128,x4-single,,Spansion,,1,,s25flxxxp
161,0,s25fl129p-qspi-x8-dual_parallel,#NAME?,s25fl129p,qspi,128,x8-dual_parallel,,Spansion,,1,,s25flxxxp
162,0,s25fl129p-qspi-x4-dual_stacked,#NAME?,s25fl129p,qspi,128,x4-dual_stacked,,Spansion,,1,,s25flxxxp
163,0,s25fl128s-3.3v-qspi-x4-single,#NAME?,s25fl128s-3.3v,qspi,128,x4-single,,Spansion,,1,s25fl127s-3.3v-qspi-x4-single,s25flxxxs
164,0,s25fl128s-3.3v-qspi-x8-dual_parallel,#NAME?,s25fl128s-3.3v,qspi,128,x8-dual_parallel,,Spansion,,1,s25fl127s-3.3v-qspi-x8-dual_parallel,s25flxxxs
165,0,s25fl128s-3.3v-qspi-x4-dual_stacked,#NAME?,s25fl128s-3.3v,qspi,128,x4-dual_stacked,,Spansion,,1,s25fl127s-3.3v-qspi-x4-dual_stacked,s25flxxxs
166,0,s25fl128s-1.8v-qspi-x4-single,#NAME?,s25fl128s-1.8v,qspi,128,x4-single,,Spansion,,1,s25fl127s-1.8v-qspi-x4-single,s25flxxxs
167,0,s25fl128s-1.8v-qspi-x8-dual_parallel,#NAME?,s25fl128s-1.8v,qspi,128,x8-dual_parallel,,Spansion,,1,s25fl127s-1.8v-qspi-x8-dual_parallel,s25flxxxs
168,0,s25fl128s-1.8v-qspi-x4-dual_stacked,#NAME?,s25fl128s-1.8v,qspi,128,x4-dual_stacked,,Spansion,,1,s25fl127s-1.8v-qspi-x4-dual_stacked,s25flxxxs
169,0,s25fl256s-3.3v-qspi-x4-single,#NAME?,s25fl256s-3.3v,qspi,256,x4-single,,Spansion,,1,,s25flxxxs
170,0,s25fl256s-3.3v-qspi-x8-dual_parallel,#NAME?,s25fl256s-3.3v,qspi,256,x8-dual_parallel,,Spansion,,1,,s25flxxxs
171,0,s25fl256s-3.3v-qspi-x4-dual_stacked,#NAME?,s25fl256s-3.3v,qspi,256,x4-dual_stacked,,Spansion,,1,,s25flxxxs
172,0,s25fl256s-1.8v-qspi-x4-single,#NAME?,s25fl256s-1.8v,qspi,256,x4-single,,Spansion,,1,,s25flxxxs
173,0,s25fl256s-1.8v-qspi-x8-dual_parallel,#NAME?,s25fl256s-1.8v,qspi,256,x8-dual_parallel,,Spansion,,1,,s25flxxxs
174,0,s25fl256s-1.8v-qspi-x4-dual_stacked,#NAME?,s25fl256s-1.8v,qspi,256,x4-dual_stacked,,Spansion,,1,,s25flxxxs
180,0,s25fl512s-1.8v-qspi-x4-single,#NAME?,s25fl512s-1.8v,qspi,512,x4-single,,Spansion,,1,,s25flxxxs
181,0,s25fl512s-1.8v-qspi-x8-dual_parallel,#NAME?,s25fl512s-1.8v,qspi,512,x8-dual_parallel,,Spansion,,1,,s25flxxxs
182,0,s25fl512s-1.8v-qspi-x4-dual_stacked,#NAME?,s25fl512s-1.8v,qspi,512,x4-dual_stacked,,Spansion,,1,,s25flxxxs
185,0,s70fl01gs_00-qspi-x4-dual_stacked,#NAME?,s70fl01gs_00,qspi,1024,x4-dual_stacked,,Spansion,,1,,s70flxxxp
190,0,w25q128fv-qspi-x4-single,#NAME?,w25q128fv,qspi,128,x4-single,,Winbond,,1,w25q128jv-qspi-x4-single,w25q
191,0,w25q128fv-qspi-x8-dual_parallel,#NAME?,w25q128fv,qspi,128,x8-dual_parallel,,Winbond,,1,w25q128jv-qspi-x8-dual_parallel,w25q
192,0,w25q128fv-qspi-x4-dual_stacked,#NAME?,w25q128fv,qspi,128,x4-dual_stacked,,Winbond,,1,w25q128jv-qspi-x4-dual_stacked,w25q
193,0,mt25qu256-spi-x1_x2_x4,#NAME?,mt25qu256,spi,256,x1_x2_x4,,Micron,,1,n25q256-1.8v-spi-x1_x2_x4,mt25qu
194,0,s25fl128sxxxxxx1-spi-x1_x2_x4,#NAME?,s25fl128sxxxxxx1,spi,128,x1_x2_x4,,Spansion,,1,,s25flxxxs
195,0,s25fl256sxxxxxx1-spi-x1_x2_x4,#NAME?,s25fl256sxxxxxx1,spi,256,x1_x2_x4,,Spansion,,1,,s25flxxxs
196,0,mt28gu256aax1e-bpi-x16,#NAME?,mt28gu256aax1e,bpi,256,x16,"""23:13""",Micron,,1,28f256g18f-bpi-x16,g18
197,0,mt28gu512aax1e-bpi-x16,#NAME?,mt28gu512aax1e,bpi,512,x16,"""24:13""",Micron,,1,28f512g18f-bpi-x16,g18
198,0,mt28gu01gaax1e-bpi-x16,#NAME?,mt28gu01gaax1e,bpi,1024,x16,"""25:13""",Micron,,1,28f00ag18f-bpi-x16,g18
199,0,mt25qu512-spi-x1_x2_x4_x8,#NAME?,mt25qu512,spi,512,x1_x2_x4_x8,,Micron,,2,,mt25qu
200,0,mt25ql512-spi-x1_x2_x4,#NAME?,mt25ql512,spi,512,x1_x2_x4,,Micron,,1,,mt25ql
201,0,mt25ql512-spi-x1_x2_x4_x8,#NAME?,mt25ql512,spi,512,x1_x2_x4_x8,,Micron,,2,,mt25ql
202,0,s25fl132k-spi-x1_x2_x4,#NAME?,s25fl132k,spi,32,x1_x2_x4,,Spansion,,1,,s25fl1
203,0,s70gl02gp-bpi-x16,#NAME?,s70gl02gp,bpi,2048,x16,"""26:13""",Spansion,,1,,s29glxxxp
204,0,s70gl02gs-bpi-x16,#NAME?,s70gl02gs,bpi,2048,x16,"""26:13""",Spansion,,1,,s29glxxxs
205,0,mt25ql01g-spi-x1_x2_x4,#NAME?,mt25ql01g,spi,1024,x1_x2_x4,,Micron,,1,,mt25ql
206,0,mt25ql01g-spi-x1_x2_x4_x8,#NAME?,mt25ql01g,spi,1024,x1_x2_x4_x8,,Micron,,2,,mt25ql
207,0,mt25ql02g-spi-x1_x2_x4,#NAME?,mt25ql02g,spi,2048,x1_x2_x4,,Micron,,1,,mt25ql
208,0,mt25ql02g-spi-x1_x2_x4_x8,#NAME?,mt25ql02g,spi,2048,x1_x2_x4_x8,,Micron,,2,,mt25ql
209,0,mt25qu01g-spi-x1_x2_x4,#NAME?,mt25qu01g,spi,1024,x1_x2_x4,,Micron,,1,,mt25qu
210,0,mt25qu01g-spi-x1_x2_x4_x8,#NAME?,mt25qu01g,spi,1024,x1_x2_x4_x8,,Micron,,2,,mt25qu
211,0,mt25qu02g-spi-x1_x2_x4,#NAME?,mt25qu02g,spi,2048,x1_x2_x4,,Micron,,1,,mt25qu
212,0,mt25qu02g-spi-x1_x2_x4_x8,#NAME?,mt25qu02g,spi,2048,x1_x2_x4_x8,,Micron,,2,,mt25qu
213,0,mx25u51245g-spi-x1_x2_x4,#NAME?,mx25u51245g,spi,512,x1_x2_x4,,Macronix,,1,mx66u51235f-spi-x1_x2_x4,mx25u
215,0,mt25qu128-spi-x1_x2_x4_x8,#NAME?,mt25qu128,spi,128,x1_x2_x4_x8,,Micron,,2,n25q128-1.8v-spi-x1_x2_x4_x8,mt25qu
216,0,mt25ql256-spi-x1_x2_x4_x8,#NAME?,mt25ql256,spi,256,x1_x2_x4_x8,,Micron,,2,n25q256-3.3v-spi-x1_x2_x4_x8,mt25ql
217,0,mt25ql128-spi-x1_x2_x4_x8,#NAME?,mt25ql128,spi,128,x1_x2_x4_x8,,Micron,,2,n25q128-3.3v-spi-x1_x2_x4_x8,mt25ql
218,0,s25fl512s-spi-x1_x2_x4_x8,#NAME?,s25fl512s,spi,512,x1_x2_x4_x8,,Spansion,,2,,s25flxxxs
219,0,s25fl128sxxxxxx0-spi-x1_x2_x4_x8,#NAME?,s25fl128sxxxxxx0,spi,128,x1_x2_x4_x8,,Spansion,,2,s25fl127s-spi-x1_x2_x4_x8,s25flxxxs
220,0,s25fl128sxxxxxx1-spi-x1_x2_x4_x8,#NAME?,s25fl128sxxxxxx1,spi,128,x1_x2_x4_x8,,Spansion,,2,,s25flxxxs
221,0,s25fl256sxxxxxx0-spi-x1_x2_x4_x8,#NAME?,s25fl256sxxxxxx0,spi,256,x1_x2_x4_x8,,Spansion,,2,,s25flxxxs
222,0,s25fl256sxxxxxx1-spi-x1_x2_x4_x8,#NAME?,s25fl256sxxxxxx1,spi,256,x1_x2_x4_x8,,Spansion,,2,,s25flxxxs
225,0,s25fl116k-spi-x1_x2_x4,#NAME?,s25fl116k,spi,16,x1_x2_x4,,Spansion,,1,,s25fl1
226,0,mt28ew128a-bpi-x16,#NAME?,mt28ew128a,bpi,128,x16,"""22:13""",Micron,,1,,mt28ew
227,0,mt28ew256a-bpi-x16,#NAME?,mt28ew256a,bpi,256,x16,"""23:13""",Micron,,1,,mt28ew
228,0,mt28ew512a-bpi-x16,#NAME?,mt28ew512a,bpi,512,x16,"""24:13""",Micron,,1,,mt28ew
229,0,mt28ew01ga-bpi-x16,#NAME?,mt28ew01ga,bpi,1024,x16,"""25:13""",Micron,,1,,mt28ew
230,0,mt28ew128a-bpi-x8,#NAME?,mt28ew128a,bpi,128,x8,"""23:13""",Micron,,1,,mt28ew
231,0,mt28ew256a-bpi-x8,#NAME?,mt28ew256a,bpi,256,x8,"""24:13""",Micron,,1,,mt28ew
232,0,mt28ew512a-bpi-x8,#NAME?,mt28ew512a,bpi,512,x8,"""25:13""",Micron,,1,,mt28ew
233,0,mt28ew01ga-bpi-x8,#NAME?,mt28ew01ga,bpi,1024,x8,"""26:13""",Micron,,1,,mt28ew
234,0,mx25u51245g-spi-x1_x2_x4_x8,#NAME?,mx25u51245g,spi,512,x1_x2_x4_x8,,Macronix,,2,mx66u51235f-spi-x1_x2_x4_x8,mx25u
240,0,mx25l25635f-qspi-x4-single,#NAME?,mx25l25635f,qspi,256,x4-single,,Macronix,,1,mx25l25645g-qspi-x4-single,mx25l
241,0,mx25l25635f-qspi-x8-dual_parallel,#NAME?,mx25l25635f,qspi,256,x8-dual_parallel,,Macronix,,1,mx25l25645g-qspi-x8-dual_parallel,mx25l
242,0,mx25l25635f-qspi-x4-dual_stacked,#NAME?,mx25l25635f,qspi,256,x4-dual_stacked,,Macronix,,1,mx25l25645g-qspi-x4-dual_stacked,mx25l
246,0,mx66l51235f-qspi-x4-single,#NAME?,mx66l51235f,qspi,512,x4-single,,Macronix,,1,,mx66l
247,0,mx66l51235f-qspi-x8-dual_parallel,#NAME?,mx66l51235f,qspi,512,x8-dual_parallel,,Macronix,,1,,mx66l
248,0,mx66l51235f-qspi-x4-dual_stacked,#NAME?,mx66l51235f,qspi,512,x4-dual_stacked,,Macronix,,1,,mx66l
266,0,mt25ql02g-qspi-x4-single,#NAME?,mt25ql02g,qspi,2048,x4-single,,Micron,,1,,mt25ql
267,0,mt25ql02g-qspi-x8-dual_parallel,#NAME?,mt25ql02g,qspi,2048,x8-dual_parallel,,Micron,,1,,mt25ql
268,0,mt25ql02g-qspi-x4-dual_stacked,#NAME?,mt25ql02g,qspi,2048,x4-dual_stacked,,Micron,,1,,mt25ql
269,0,m29w640gh-bpi-x16,#NAME?,m29w640gh,bpi,64,x16,"""21:13""",Micron,,1,,m29w
270,0,m29w640gl-bpi-x16,#NAME?,m29w640gl,bpi,64,x16,"""21:13""",Micron,,1,,m29w
271,0,m29w128gh-bpi-x16,#NAME?,m29w128gh,bpi,128,x16,"""22:13""",Micron,,1,,m29w
272,0,m29w128gl-bpi-x16,#NAME?,m29w128gl,bpi,128,x16,"""22:13""",Micron,,1,,m29w
273,0,m29w256gh-bpi-x16,#NAME?,m29w256gh,bpi,256,x16,"""23:13""",Micron,,1,,m29w
274,0,m29w256gl-bpi-x16,#NAME?,m29w256gl,bpi,256,x16,"""23:13""",Micron,,1,,m29w
275,0,m29w640gh-bpi-x8,#NAME?,m29w640gh,bpi,64,x8,"""22:13""",Micron,,1,,m29w
276,0,m29w640gl-bpi-x8,#NAME?,m29w640gl,bpi,64,x8,"""22:13""",Micron,,1,,m29w
277,0,m29w128gh-bpi-x8,#NAME?,m29w128gh,bpi,128,x8,"""23:13""",Micron,,1,,m29w
278,0,m29w128gl-bpi-x8,#NAME?,m29w128gl,bpi,128,x8,"""23:13""",Micron,,1,,m29w
279,0,m29w256gh-bpi-x8,#NAME?,m29w256gh,bpi,256,x8,"""24:13""",Micron,,1,,m29w
280,0,m29w256gl-bpi-x8,#NAME?,m29w256gl,bpi,256,x8,"""24:13""",Micron,,1,,m29w
290,0,jedec4.51-4gb-emmc,#NAME?,jedec4.51-4gb,emmc,32768,,,,,1,,
291,0,jedec4.51-8gb-emmc,#NAME?,jedec4.51-8gb,emmc,65536,,,,,1,,
292,0,jedec4.51-16gb-emmc,#NAME?,jedec4.51-16gb,emmc,131072,,,,,1,,
293,0,jedec4.51-32gb-emmc,#NAME?,jedec4.51-32gb,emmc,262144,,,,,1,,
294,0,jedec4.51-64gb-emmc,#NAME?,jedec4.51-64gb,emmc,524288,,,,,1,,
295,1,jedec4.51-emmc,#NAME?,jedec4.51,emmc,524288,,,,,1,,
299,0,s29gl512t-bpi-x8,#NAME?,s29gl512t,bpi,512,x8,"""25:13""",Spansion,,1,,s29glxxxt
300,0,s29gl01gt-bpi-x8,#NAME?,s29gl01gt,bpi,1024,x8,"""26:13""",Spansion,,1,,s29glxxxt
301,0,s29gl512t-bpi-x16,#NAME?,s29gl512t,bpi,512,x16,"""24:13""",Spansion,,1,,s29glxxxt
302,0,s29gl01gt-bpi-x16,#NAME?,s29gl01gt,bpi,1024,x16,"""25:13""",Spansion,,1,,s29glxxxt
303,0,n25q64-3.3v-qspi-x4-single,#NAME?,n25q64-3.3v,qspi,64,x4-single,,Micron,,1,,n25q
304,0,n25q64-3.3v-qspi-x8-dual_parallel,#NAME?,n25q64-3.3v,qspi,64,x8-dual_parallel,,Micron,,1,,n25q
305,0,n25q64-3.3v-qspi-x4-dual_stacked,#NAME?,n25q64-3.3v,qspi,64,x4-dual_stacked,,Micron,,1,,n25q
306,0,mt25ql128-qspi-x4-single,#NAME?,mt25ql128,qspi,128,x4-single,,Micron,,1,n25q128-3.3v-qspi-x4-single,mt25ql
307,0,mt25ql128-qspi-x8-dual_parallel,#NAME?,mt25ql128,qspi,128,x8-dual_parallel,,Micron,,1,n25q128-3.3v-qspi-x8-dual_parallel,mt25ql
308,0,mt25ql128-qspi-x4-dual_stacked,#NAME?,mt25ql128,qspi,128,x4-dual_stacked,,Micron,,1,n25q128-3.3v-qspi-x4-dual_stacked,mt25ql
309,0,mt25ql256-qspi-x4-single,#NAME?,mt25ql256,qspi,256,x4-single,,Micron,,1,n25q256-3.3v-qspi-x4-single,mt25ql
310,0,mt25ql256-qspi-x8-dual_parallel,#NAME?,mt25ql256,qspi,256,x8-dual_parallel,,Micron,,1,n25q256-3.3v-qspi-x8-dual_parallel,mt25ql
311,0,mt25ql256-qspi-x4-dual_stacked,#NAME?,mt25ql256,qspi,256,x4-dual_stacked,,Micron,,1,n25q256-3.3v-qspi-x4-dual_stacked,mt25ql
312,0,mt25ql512-qspi-x4-single,#NAME?,mt25ql512,qspi,512,x4-single,,Micron,,1,n25q512-3.3v-qspi-x4-single,mt25ql
313,0,mt25ql512-qspi-x8-dual_parallel,#NAME?,mt25ql512,qspi,512,x8-dual_parallel,,Micron,,1,n25q512-3.3v-qspi-x8-dual_parallel,mt25ql
314,0,mt25ql512-qspi-x4-dual_stacked,#NAME?,mt25ql512,qspi,512,x4-dual_stacked,,Micron,,1,n25q512-3.3v-qspi-x4-dual_stacked,mt25ql
315,0,mt25ql01g-qspi-x4-single,#NAME?,mt25ql01g,qspi,1024,x4-single,,Micron,,1,n25q00a-3.3v-qspi-x4-single,mt25ql
316,0,mt25ql01g-qspi-x8-dual_parallel,#NAME?,mt25ql01g,qspi,1024,x8-dual_parallel,,Micron,,1,n25q00a-3.3v-qspi-x8-dual_parallel,mt25ql
317,0,mt25ql01g-qspi-x4-dual_stacked,#NAME?,mt25ql01g,qspi,1024,x4-dual_stacked,,Micron,,1,n25q00a-3.3v-qspi-x4-dual_stacked,mt25ql
318,0,s70gl02gt-bpi-x8,#NAME?,s70gl02gt,bpi,2048,x8,"""27:13""",Spansion,,1,,s29glxxxt
319,0,s70gl02gt-bpi-x16,#NAME?,s70gl02gt,bpi,2048,x16,"""26:13""",Spansion,,1,,s29glxxxt
320,0,mt28fw02gb-bpi-x16,#NAME?,mt28fw02gb,bpi,2048,x16,"""26:13""",Micron,,1,,mt28fw
325,0,mx66u1g45g-spi-x1_x2_x4,#NAME?,mx66u1g45g,spi,1024,x1_x2_x4,,Macronix,,1,,mx66u
326,0,mx66u1g45g-spi-x1_x2_x4_x8,#NAME?,mx66u1g45g,spi,1024,x1_x2_x4_x8,,Macronix,,2,,mx66u
327,0,mx66l1g45g-spi-x1_x2_x4,#NAME?,mx66l1g45g,spi,1024,x1_x2_x4,,Macronix,,1,,mx66l
328,0,mx66l1g45g-spi-x1_x2_x4_x8,#NAME?,mx66l1g45g,spi,1024,x1_x2_x4_x8,,Macronix,,2,,mx66l
331,0,mx25l6473f-spi-x1_x2_x4,#NAME?,mx25l6433f,spi,64,x1_x2_x4,,Macronix,,1,mx25l6433f-spi-x1_x2_x4,mx25l
332,0,mx25l6473f-spi-x1_x2_x4_x8,#NAME?,mx25l6433f,spi,64,x1_x2_x4_x8,,Macronix,,2,mx25l6433f-spi-x1_x2_x4_x8,mx25l
333,0,mx25u3235f-spi-x1_x2_x4,#NAME?,mx25u3235f,spi,32,x1_x2_x4,,Macronix,,1,mx25u3232f-spi-x1_x2_x4,mx25u
334,0,mx25u3235f-spi-x1_x2_x4_x8,#NAME?,mx25u3235f,spi,32,x1_x2_x4_x8,,Macronix,,2,mx25u3232f-spi-x1_x2_x4_x8,mx25u
335,0,mx25l3273f-spi-x1_x2_x4,#NAME?,mx25l3273f,spi,32,x1_x2_x4,,Macronix,,1,mx25l3233f-spi-x1_x2_x4,mx25l
336,0,mx25l3273f-spi-x1_x2_x4_x8,#NAME?,mx25l3273f,spi,32,x1_x2_x4_x8,,Macronix,,2,mx25l3233f-spi-x1_x2_x4_x8,mx25l
337,0,mx25u1635f-spi-x1_x2_x4,#NAME?,mx25u1635f,spi,16,x1_x2_x4,,Macronix,,1,mx25u1632f-spi-x1_x2_x4,mx25u
338,0,mx25u1635f-spi-x1_x2_x4_x8,#NAME?,mx25u1635f,spi,16,x1_x2_x4_x8,,Macronix,,2,mx25u1632f-spi-x1_x2_x4_x8,mx25u
339,0,mx25v1635f-spi-x1_x2_x4,#NAME?,mx25v1635f,spi,16,x1_x2_x4,,Macronix,,1,,mx25l
340,0,mx25v1635f-spi-x1_x2_x4_x8,#NAME?,mx25v1635f,spi,16,x1_x2_x4_x8,,Macronix,,2,,mx25l
341,0,mx25l3233f-spi-x1_x2_x4,#NAME?,mx25l3233f,qspi,32,x1_x2_x4,,Macronix,,2,mx25l3233f-spi-x1_x2_x4,mx25l
343,0,mx25v8035f-spi-x1_x2_x4,#NAME?,mx25v8035f,spi,8,x1_x2_x4,,Macronix,,1,,mx25l
344,0,mx25v8035f-spi-x1_x2_x4_x8,#NAME?,mx25v8035f,spi,8,x1_x2_x4_x8,,Macronix,,2,,mx25l
345,0,mx66u2g45g-spi-x1_x2_x4,#NAME?,mx66u2g45g,spi,2048,x1_x2_x4,,Macronix,,1,,mx66u
346,0,mx66u2g45g-spi-x1_x2_x4_x8,#NAME?,mx66u2g45g,spi,2048,x1_x2_x4_x8,,Macronix,,2,,mx66u
347,0,mx66l2g45g-spi-x1_x2_x4,#NAME?,mx66l2g45g,spi,2048,x1_x2_x4,,Macronix,,1,,mx66l
348,0,mx66l2g45g-spi-x1_x2_x4_x8,#NAME?,mx66l2g45g,spi,2048,x1_x2_x4_x8,,Macronix,,2,,mx66l
349,0,s25fl064l-spi-x1_x2_x4,#NAME?,s25fl064l,spi,64,x1_x2_x4,,Spansion,,1,,s25flxxxl
358,0,n25q64-1.8v-qspi-x2-single,#NAME?,n25q64-1.8v,qspi,64,x2-single,,Micron,,1,,n25q
359,0,n25q64-1.8v-qspi-x2-dual_stacked,#NAME?,n25q64-1.8v,qspi,64,x2-dual_stacked,,Micron,,1,,n25q
360,0,n25q64-1.8v-qspi-x1-single,#NAME?,n25q64-1.8v,qspi,64,x1-single,,Micron,,1,,n25q
361,0,n25q64-1.8v-qspi-x1-dual_stacked,#NAME?,n25q64-1.8v,qspi,64,x1-dual_stacked,,Micron,,1,,n25q
362,0,mt25qu128-qspi-x2-single,#NAME?,mt25qu128,qspi,128,x2-single,,Micron,,1,n25q128-1.8v-qspi-x2-single,mt25qu
363,0,mt25qu128-qspi-x2-dual_stacked,#NAME?,mt25qu128,qspi,128,x2-dual_stacked,,Micron,,1,n25q128-1.8v-qspi-x2-dual_stacked,mt25qu
364,0,mt25qu128-qspi-x1-single,#NAME?,mt25qu128,qspi,128,x1-single,,Micron,,1,n25q128-1.8v-qspi-x1-single,mt25qu
365,0,mt25qu128-qspi-x1-dual_stacked,#NAME?,mt25qu128,qspi,128,x1-dual_stacked,,Micron,,1,n25q128-1.8v-qspi-x1-dual_stacked,mt25qu
366,0,mt25qu256-qspi-x2-single,#NAME?,mt25qu256,qspi,256,x2-single,,Micron,,1,n25q256-1.8v-qspi-x2-single,mt25qu
367,0,mt25qu256-qspi-x2-dual_stacked,#NAME?,mt25qu256,qspi,256,x2-dual_stacked,,Micron,,1,n25q256-1.8v-qspi-x2-dual_stacked,mt25qu
368,0,mt25qu256-qspi-x1-single,#NAME?,mt25qu256,qspi,256,x1-single,,Micron,,1,n25q256-1.8v-qspi-x1-single,mt25qu
369,0,mt25qu256-qspi-x1-dual_stacked,#NAME?,mt25qu256,qspi,256,x1-dual_stacked,,Micron,,1,n25q256-1.8v-qspi-x1-dual_stacked,mt25qu
370,0,mt25qu512-qspi-x2-single,#NAME?,mt25qu512,qspi,512,x2-single,,Micron,,1,n25q512-1.8v-qspi-x2-single,mt25qu
371,0,mt25qu512-qspi-x2-dual_stacked,#NAME?,mt25qu512,qspi,512,x2-dual_stacked,,Micron,,1,n25q512-1.8v-qspi-x2-dual_stacked,mt25qu
372,0,mt25qu512-qspi-x1-single,#NAME?,mt25qu512,qspi,512,x1-single,,Micron,,1,n25q512-1.8v-qspi-x1-single,mt25qu
373,0,mt25qu512-qspi-x1-dual_stacked,#NAME?,mt25qu512,qspi,512,x1-dual_stacked,,Micron,,1,n25q512-1.8v-qspi-x1-dual_stacked,mt25qu
374,0,mt25qu01g-qspi-x2-single,#NAME?,mt25qu01g,qspi,1024,x2-single,,Micron,,1,n25q00a-1.8v-qspi-x2-single,mt25qu
375,0,mt25qu01g-qspi-x2-dual_stacked,#NAME?,mt25qu01g,qspi,1024,x2-dual_stacked,,Micron,,1,n25q00a-1.8v-qspi-x2-dual_stacked,mt25qu
376,0,mt25qu01g-qspi-x1-single,#NAME?,mt25qu01g,qspi,1024,x1-single,,Micron,,1,n25q00a-1.8v-qspi-x1-single,mt25qu
377,0,mt25qu01g-qspi-x1-dual_stacked,#NAME?,mt25qu01g,qspi,1024,x1-dual_stacked,,Micron,,1,n25q00a-1.8v-qspi-x1-dual_stacked,mt25qu
378,0,s25fl129p-qspi-x2-single,#NAME?,s25fl129p,qspi,128,x2-single,,Spansion,,1,,s25flxxxp
379,0,s25fl129p-qspi-x2-dual_stacked,#NAME?,s25fl129p,qspi,128,x2-dual_stacked,,Spansion,,1,,s25flxxxp
380,0,s25fl129p-qspi-x1-single,#NAME?,s25fl129p,qspi,128,x1-single,,Spansion,,1,,s25flxxxp
381,0,s25fl129p-qspi-x1-dual_stacked,#NAME?,s25fl129p,qspi,128,x1-dual_stacked,,Spansion,,1,,s25flxxxp
382,0,s25fl128s-3.3v-qspi-x2-single,#NAME?,s25fl128s-3.3v,qspi,128,x2-single,,Spansion,,1,s25fl127s-3.3v-qspi-x4-single,s25flxxxs
383,0,s25fl128s-3.3v-qspi-x2-dual_stacked,#NAME?,s25fl128s-3.3v,qspi,128,x2-dual_stacked,,Spansion,,1,s25fl127s-3.3v-qspi-x4-single,s25flxxxs
384,0,s25fl128s-3.3v-qspi-x1-single,#NAME?,s25fl128s-3.3v,qspi,128,x1-single,,Spansion,,1,s25fl127s-3.3v-qspi-x4-single,s25flxxxs
385,0,s25fl128s-3.3v-qspi-x1-dual_stacked,#NAME?,s25fl128s-3.3v,qspi,128,x1-dual_stacked,,Spansion,,1,s25fl127s-3.3v-qspi-x4-single,s25flxxxs
386,0,s25fl128s-1.8v-qspi-x2-single,#NAME?,s25fl128s-1.8v,qspi,128,x2-single,,Spansion,,1,s25fl127s-1.8v-qspi-x4-single,s25flxxxs
387,0,s25fl128s-1.8v-qspi-x2-dual_stacked,#NAME?,s25fl128s-1.8v,qspi,128,x2-dual_stacked,,Spansion,,1,s25fl127s-1.8v-qspi-x4-single,s25flxxxs
388,0,s25fl128s-1.8v-qspi-x1-single,#NAME?,s25fl128s-1.8v,qspi,128,x1-single,,Spansion,,1,s25fl127s-1.8v-qspi-x4-single,s25flxxxs
389,0,s25fl128s-1.8v-qspi-x1-dual_stacked,#NAME?,s25fl128s-1.8v,qspi,128,x1-dual_stacked,,Spansion,,1,s25fl127s-1.8v-qspi-x4-single,s25flxxxs
390,0,s25fl256s-3.3v-qspi-x2-single,#NAME?,s25fl256s-3.3v,qspi,256,x2-single,,Spansion,,1,,s25flxxxs
391,0,s25fl256s-3.3v-qspi-x2-dual_stacked,#NAME?,s25fl256s-3.3v,qspi,256,x2-dual_stacked,,Spansion,,1,,s25flxxxs
392,0,s25fl256s-3.3v-qspi-x1-single,#NAME?,s25fl256s-3.3v,qspi,256,x1-single,,Spansion,,1,,s25flxxxs
393,0,s25fl256s-3.3v-qspi-x1-dual_stacked,#NAME?,s25fl256s-3.3v,qspi,256,x1-dual_stacked,,Spansion,,1,,s25flxxxs
394,0,s25fl256s-1.8v-qspi-x2-single,#NAME?,s25fl256s-1.8v,qspi,256,x2-single,,Spansion,,1,,s25flxxxs
395,0,s25fl256s-1.8v-qspi-x2-dual_stacked,#NAME?,s25fl256s-1.8v,qspi,256,x2-dual_stacked,,Spansion,,1,,s25flxxxs
396,0,s25fl256s-1.8v-qspi-x1-single,#NAME?,s25fl256s-1.8v,qspi,256,x1-single,,Spansion,,1,,s25flxxxs
397,0,s25fl256s-1.8v-qspi-x1-dual_stacked,#NAME?,s25fl256s-1.8v,qspi,256,x1-dual_stacked,,Spansion,,1,,s25flxxxs
398,0,s25fl512s-1.8v-qspi-x2-single,#NAME?,s25fl512s-1.8v,qspi,512,x2-single,,Spansion,,1,,s25flxxxs
399,0,s25fl512s-1.8v-qspi-x2-dual_stacked,#NAME?,s25fl512s-1.8v,qspi,512,x2-dual_stacked,,Spansion,,1,,s25flxxxs
400,0,s25fl512s-1.8v-qspi-x1-single,#NAME?,s25fl512s-1.8v,qspi,512,x1-single,,Spansion,,1,,s25flxxxs
401,0,s25fl512s-1.8v-qspi-x1-dual_stacked,#NAME?,s25fl512s-1.8v,qspi,512,x1-dual_stacked,,Spansion,,1,,s25flxxxs
402,0,w25q128fv-qspi-x2-single,#NAME?,w25q128fv,qspi,128,x2-single,,Winbond,,1,w25q128jv-qspi-x2-single,w25q
403,0,w25q128fv-qspi-x2-dual_stacked,#NAME?,w25q128fv,qspi,128,x2-dual_stacked,,Winbond,,1,w25q128jv-qspi-x2-dual_stacked,w25q
404,0,w25q128fv-qspi-x1-single,#NAME?,w25q128fv,qspi,128,x1-single,,Winbond,,1,w25q128jv-qspi-x1-single,w25q
405,0,w25q128fv-qspi-x1-dual_stacked,#NAME?,w25q128fv,qspi,128,x1-dual_stacked,,Winbond,,1,w25q128jv-qspi-x1-dual_stacked,w25q
406,0,mx25l25635f-qspi-x2-single,#NAME?,mx25l25635f,qspi,256,x2-single,,Macronix,,1,mx25l25645g-qspi-x2-single,mx25l
407,0,mx25l25635f-qspi-x2-dual_stacked,#NAME?,mx25l25635f,qspi,256,x2-dual_stacked,,Macronix,,1,mx25l25645g-qspi-x2-dual_stacked,mx25l
408,0,mx25l25635f-qspi-x1-single,#NAME?,mx25l25635f,qspi,256,x1-single,,Macronix,,1,mx25l25645g-qspi-x1-single,mx25l
409,0,mx25l25635f-qspi-x1-dual_stacked,#NAME?,mx25l25635f,qspi,256,x1-dual_stacked,,Macronix,,1,mx25l25645g-qspi-x1-dual_stacked,mx25l
414,0,mx66l51235f-qspi-x2-single,#NAME?,mx66l51235f,qspi,512,x2-single,,Macronix,,1,,mx66l
415,0,mx66l51235f-qspi-x2-dual_stacked,#NAME?,mx66l51235f,qspi,512,x2-dual_stacked,,Macronix,,1,,mx66l
416,0,mx66l51235f-qspi-x1-single,#NAME?,mx66l51235f,qspi,512,x1-single,,Macronix,,1,,mx66l
417,0,mx66l51235f-qspi-x1-dual_stacked,#NAME?,mx66l51235f,qspi,512,x1-dual_stacked,,Macronix,,1,,mx66l
426,0,mt25ql02g-qspi-x2-single,#NAME?,mt25ql02g,qspi,2048,x2-single,,Micron,,1,,mt25ql
427,0,mt25ql02g-qspi-x2-dual_stacked,#NAME?,mt25ql02g,qspi,2048,x2-dual_stacked,,Micron,,1,,mt25ql
428,0,mt25ql02g-qspi-x1-single,#NAME?,mt25ql02g,qspi,2048,x1-single,,Micron,,1,,mt25ql
429,0,mt25ql02g-qspi-x1-dual_stacked,#NAME?,mt25ql02g,qspi,2048,x1-dual_stacked,,Micron,,1,,mt25ql
434,0,n25q64-3.3v-qspi-x2-single,#NAME?,n25q64-3.3v,qspi,64,x2-single,,Micron,,1,,n25q
435,0,n25q64-3.3v-qspi-x2-dual_stacked,#NAME?,n25q64-3.3v,qspi,64,x2-dual_stacked,,Micron,,1,,n25q
436,0,n25q64-3.3v-qspi-x1-single,#NAME?,n25q64-3.3v,qspi,64,x1-single,,Micron,,1,,n25q
437,0,n25q64-3.3v-qspi-x1-dual_stacked,#NAME?,n25q64-3.3v,qspi,64,x1-dual_stacked,,Micron,,1,,n25q
438,0,mt25ql128-qspi-x2-single,#NAME?,mt25ql128,qspi,128,x2-single,,Micron,,1,n25q128-3.3v-qspi-x2-single,mt25ql
439,0,mt25ql128-qspi-x2-dual_stacked,#NAME?,mt25ql128,qspi,128,x2-dual_stacked,,Micron,,1,n25q128-3.3v-qspi-x2-dual_stacked,mt25ql
440,0,mt25ql128-qspi-x1-single,#NAME?,mt25ql128,qspi,128,x1-single,,Micron,,1,n25q128-3.3v-qspi-x1-single,mt25ql
441,0,mt25ql128-qspi-x1-dual_stacked,#NAME?,mt25ql128,qspi,128,x1-dual_stacked,,Micron,,1,n25q128-3.3v-qspi-x1-dual_stacked,mt25ql
442,0,mt25ql256-qspi-x2-single,#NAME?,mt25ql256,qspi,256,x2-single,,Micron,,1,n25q256-3.3v-qspi-x2-single,mt25ql
443,0,mt25ql256-qspi-x2-dual_stacked,#NAME?,mt25ql256,qspi,256,x2-dual_stacked,,Micron,,1,n25q256-3.3v-qspi-x2-dual_stacked,mt25ql
444,0,mt25ql256-qspi-x1-single,#NAME?,mt25ql256,qspi,256,x1-single,,Micron,,1,n25q256-3.3v-qspi-x1-single,mt25ql
445,0,mt25ql256-qspi-x1-dual_stacked,#NAME?,mt25ql256,qspi,256,x1-dual_stacked,,Micron,,1,n25q256-3.3v-qspi-x1-dual_stacked,mt25ql
446,0,mt25ql512-qspi-x2-single,#NAME?,mt25ql512,qspi,512,x2-single,,Micron,,1,n25q512-3.3v-qspi-x2-single,mt25ql
447,0,mt25ql512-qspi-x2-dual_stacked,#NAME?,mt25ql512,qspi,512,x2-dual_stacked,,Micron,,1,n25q512-3.3v-qspi-x2-dual_stacked,mt25ql
448,0,mt25ql512-qspi-x1-single,#NAME?,mt25ql512,qspi,512,x1-single,,Micron,,1,n25q512-3.3v-qspi-x1-single,mt25ql
449,0,mt25ql512-qspi-x1-dual_stacked,#NAME?,mt25ql512,qspi,512,x1-dual_stacked,,Micron,,1,n25q512-3.3v-qspi-x1-dual_stacked,mt25ql
450,0,mt25ql01g-qspi-x2-single,#NAME?,mt25ql01g,qspi,1024,x2-single,,Micron,,1,n25q00a-3.3v-qspi-x2-single,mt25ql
451,0,mt25ql01g-qspi-x2-dual_stacked,#NAME?,mt25ql01g,qspi,1024,x2-dual_stacked,,Micron,,1,n25q00a-3.3v-qspi-x2-dual_stacked,mt25ql
452,0,mt25ql01g-qspi-x1-single,#NAME?,mt25ql01g,qspi,1024,x1-single,,Micron,,1,n25q00a-3.3v-qspi-x1-single,mt25ql
453,0,mt25ql01g-qspi-x1-dual_stacked,#NAME?,mt25ql01g,qspi,1024,x1-dual_stacked,,Micron,,1,n25q00a-3.3v-qspi-x1-dual_stacked,mt25ql
454,0,mt25qu02g-qspi-x4-single,#NAME?,mt25qu02g,qspi,2048,x4-single,,Micron,,1,,mt25qu
455,0,mt25qu02g-qspi-x4-dual_stacked,#NAME?,mt25qu02g,qspi,2048,x4-dual_stacked,,Micron,,1,,mt25qu
456,0,mt25qu02g-qspi-x8-dual_parallel,#NAME?,mt25qu02g,qspi,2048,x8-dual_parallel,,Micron,,1,,mt25qu
457,0,mt25qu02g-qspi-x2-single,#NAME?,mt25qu02g,qspi,2048,x2-single,,Micron,,1,,mt25qu
458,0,mt25qu02g-qspi-x2-dual_stacked,#NAME?,mt25qu02g,qspi,2048,x2-dual_stacked,,Micron,,1,,mt25qu
459,0,mt25qu02g-qspi-x1-single,#NAME?,mt25qu02g,qspi,2048,x1-single,,Micron,,1,,mt25qu
460,0,mt25qu02g-qspi-x1-dual_stacked,#NAME?,mt25qu02g,qspi,2048,x1-dual_stacked,,Micron,,1,,mt25qu
468,0,mx66l1g45g-qspi-x4-single,#NAME?,mx66l1g45g,qspi,1024,x4-single,,Macronix,,1,,mx66l
469,0,mx66l1g45g-qspi-x4-dual_stacked,#NAME?,mx66l1g45g,qspi,1024,x4-dual_stacked,,Macronix,,1,,mx66l
470,0,mx66l1g45g-qspi-x8-dual_parallel,#NAME?,mx66l1g45g,qspi,1024,x8-dual_parallel,,Macronix,,1,,mx66l
471,0,mx66l1g45g-qspi-x2-single,#NAME?,mx66l1g45g,qspi,1024,x2-single,,Macronix,,1,,mx66l
472,0,mx66l1g45g-qspi-x2-dual_stacked,#NAME?,mx66l1g45g,qspi,1024,x2-dual_stacked,,Macronix,,1,,mx66l
473,0,mx66l1g45g-qspi-x1-single,#NAME?,mx66l1g45g,qspi,1024,x1-single,,Macronix,,1,,mx66l
474,0,mx66l1g45g-qspi-x1-dual_stacked,#NAME?,mx66l1g45g,qspi,1024,x1-dual_stacked,,Macronix,,1,,mx66l
475,0,s25fl128l-spi-x1_x2_x4,#NAME?,s25fl128l,spi,128,x1_x2_x4,,Spansion,,1,,s25flxxxl
476,0,s25fl512s-3.3v-qspi-x4-single,#NAME?,s25fl512s-3.3v,qspi,512,x4-single,,Spansion,,1,,s25flxxxs
477,0,s25fl512s-3.3v-qspi-x8-dual_parallel,#NAME?,s25fl512s-3.3v,qspi,512,x8-dual_parallel,,Spansion,,1,,s25flxxxs
478,0,s25fl512s-3.3v-qspi-x4-dual_stacked,#NAME?,s25fl512s-3.3v,qspi,512,x4-dual_stacked,,Spansion,,1,,s25flxxxs
479,0,s25fl512s-3.3v-qspi-x2-single,#NAME?,s25fl512s-3.3v,qspi,512,x2-single,,Spansion,,1,,s25flxxxs
480,0,s25fl512s-3.3v-qspi-x2-dual_stacked,#NAME?,s25fl512s-3.3v,qspi,512,x2-dual_stacked,,Spansion,,1,,s25flxxxs
481,0,s25fl512s-3.3v-qspi-x1-single,#NAME?,s25fl512s-3.3v,qspi,512,x1-single,,Spansion,,1,,s25flxxxs
482,0,s25fl512s-3.3v-qspi-x1-dual_stacked,#NAME?,s25fl512s-3.3v,qspi,512,x1-dual_stacked,,Spansion,,1,,s25flxxxs
498,0,mx25u25635f-qspi-x4-single,#NAME?,mx25u25635f,qspi,256,x4-single,,Macronix,,1,mx25u25645g-qspi-x4-single,mx25u
499,0,mx25u25635f-qspi-x4-dual_stacked,#NAME?,mx25u25635f,qspi,256,x4-dual_stacked,,Macronix,,1,mx25u25645g-qspi-x4-dual_stacked,mx25u
500,0,mx25u25635f-qspi-x8-dual_parallel,#NAME?,mx25u25635f,qspi,256,x8-dual_parallel,,Macronix,,1,mx25u25645g-qspi-x8-dual_parallel,mx25u
501,0,mx25u25635f-qspi-x2-single,#NAME?,mx25u25635f,qspi,256,x2-single,,Macronix,,1,mx25u25645g-qspi-x2-single,mx25u
502,0,mx25u25635f-qspi-x2-dual_stacked,#NAME?,mx25u25635f,qspi,256,x2-dual_stacked,,Macronix,,1,mx25u25645g-qspi-x2-dual_stacked,mx25u
503,0,mx25u25635f-qspi-x1-single,#NAME?,mx25u25635f,qspi,256,x1-single,,Macronix,,1,mx25u25645g-qspi-x1-single,mx25u
504,0,mx25u25635f-qspi-x1-dual_stacked,#NAME?,mx25u25635f,qspi,256,x1-dual_stacked,,Macronix,,1,mx25u25645g-qspi-x1-dual_stacked,mx25u
505,0,mx25u12835f-qspi-x4-single,#NAME?,mx25u12835f,qspi,128,x4-single,,Macronix,,1,mx25u12832f-qspi-x4-single,mx25u
506,0,mx25u12835f-qspi-x4-dual_stacked,#NAME?,mx25u12835f,qspi,128,x4-dual_stacked,,Macronix,,1,mx25u12832f-qspi-x4-dual_stacked,mx25u
507,0,mx25u12835f-qspi-x8-dual_parallel,#NAME?,mx25u12835f,qspi,128,x8-dual_parallel,,Macronix,,1,mx25u12832f-qspi-x8-dual_parallel,mx25u
508,0,mx25u12835f-qspi-x2-single,#NAME?,mx25u12835f,qspi,128,x2-single,,Macronix,,1,mx25u12832f-qspi-x2-single,mx25u
509,0,mx25u12835f-qspi-x2-dual_stacked,#NAME?,mx25u12835f,qspi,128,x2-dual_stacked,,Macronix,,1,mx25u12832f-qspi-x2-dual_stacked,mx25u
510,0,mx25u12835f-qspi-x1-single,#NAME?,mx25u12835f,qspi,128,x1-single,,Macronix,,1,mx25u12832f-qspi-x1-single,mx25u
511,0,mx25u12835f-qspi-x1-dual_stacked,#NAME?,mx25u12835f,qspi,128,x1-dual_stacked,,Macronix,,1,mx25u12832f-qspi-x1-dual_stacked,mx25u
512,0,mx66u1g45g-qspi-x4-single,#NAME?,mx66u1g45g,qspi,1024,x4-single,,Macronix,,1,,mx66u
513,0,mx66u1g45g-qspi-x4-dual_stacked,#NAME?,mx66u1g45g,qspi,1024,x4-dual_stacked,,Macronix,,1,,mx66u
514,0,mx66u1g45g-qspi-x8-dual_parallel,#NAME?,mx66u1g45g,qspi,1024,x8-dual_parallel,,Macronix,,1,,mx66u
515,0,mx66u1g45g-qspi-x2-single,#NAME?,mx66u1g45g,qspi,1024,x2-single,,Macronix,,1,,mx66u
516,0,mx66u1g45g-qspi-x2-dual_stacked,#NAME?,mx66u1g45g,qspi,1024,x2-dual_stacked,,Macronix,,1,,mx66u
517,0,mx66u1g45g-qspi-x1-single,#NAME?,mx66u1g45g,qspi,1024,x1-single,,Macronix,,1,,mx66u
518,0,mx66u1g45g-qspi-x1-dual_stacked,#NAME?,mx66u1g45g,qspi,1024,x1-dual_stacked,,Macronix,,1,,mx66u
533,0,is25lp256d-qspi-x4-single,#NAME?,is25lp256d,qspi,256,x4-single,,ISSI,,1,,is25lp
534,0,is25lp256d-qspi-x4-dual_stacked,#NAME?,is25lp256d,qspi,256,x4-dual_stacked,,ISSI,,1,,is25lp
535,0,is25lp256d-qspi-x8-dual_parallel,#NAME?,is25lp256d,qspi,256,x8-dual_parallel,,ISSI,,1,,is25lp
536,0,is25lp256d-qspi-x2-single,#NAME?,is25lp256d,qspi,256,x2-single,,ISSI,,1,,is25lp
537,0,is25lp256d-qspi-x2-dual_stacked,#NAME?,is25lp256d,qspi,256,x2-dual_stacked,,ISSI,,1,,is25lp
538,0,is25lp256d-qspi-x1-single,#NAME?,is25lp256d,qspi,256,x1-single,,ISSI,,1,,is25lp
539,0,is25lp256d-qspi-x1-dual_stacked,#NAME?,is25lp256d,qspi,256,x1-dual_stacked,,ISSI,,1,,is25lp
540,0,is25wp256d-qspi-x4-single,#NAME?,is25wp256d,qspi,256,x4-single,,ISSI,,1,,is25wp
541,0,is25wp256d-qspi-x4-dual_stacked,#NAME?,is25wp256d,qspi,256,x4-dual_stacked,,ISSI,,1,,is25wp
542,0,is25wp256d-qspi-x8-dual_parallel,#NAME?,is25wp256d,qspi,256,x8-dual_parallel,,ISSI,,1,,is25wp
543,0,is25wp256d-qspi-x2-single,#NAME?,is25wp256d,qspi,256,x2-single,,ISSI,,1,,is25wp
544,0,is25wp256d-qspi-x2-dual_stacked,#NAME?,is25wp256d,qspi,256,x2-dual_stacked,,ISSI,,1,,is25wp
545,0,is25wp256d-qspi-x1-single,#NAME?,is25wp256d,qspi,256,x1-single,,ISSI,,1,,is25wp
546,0,is25wp256d-qspi-x1-dual_stacked,#NAME?,is25wp256d,qspi,256,x1-dual_stacked,,ISSI,,1,,is25wp
547,0,mx66u51235f-qspi-x4-single,#NAME?,mx66u51235f,qspi,512,x4-single,,Macronix,,1,,mx66u
548,0,mx66u51235f-qspi-x4-dual_stacked,#NAME?,mx66u51235f,qspi,512,x4-dual_stacked,,Macronix,,1,,mx66u
549,0,mx66u51235f-qspi-x8-dual_parallel,#NAME?,mx66u51235f,qspi,512,x8-dual_parallel,,Macronix,,1,,mx66u
550,0,mx66u51235f-qspi-x2-single,#NAME?,mx66u51235f,qspi,512,x2-single,,Macronix,,1,,mx66u
551,0,mx66u51235f-qspi-x2-dual_stacked,#NAME?,mx66u51235f,qspi,512,x2-dual_stacked,,Macronix,,1,,mx66u
552,0,mx66u51235f-qspi-x1-single,#NAME?,mx66u51235f,qspi,512,x1-single,,Macronix,,1,,mx66u
553,0,mx66u51235f-qspi-x1-dual_stacked,#NAME?,mx66u51235f,qspi,512,x1-dual_stacked,,Macronix,,1,,mx66u
568,0,is25lp032d-qspi-x4-single,#NAME?,is25lp032d,qspi,32,x4-single,,ISSI,,1,,is25lp
569,0,is25lp032d-qspi-x4-dual_stacked,#NAME?,is25lp032d,qspi,32,x4-dual_stacked,,ISSI,,1,,is25lp
570,0,is25lp032d-qspi-x8-dual_parallel,#NAME?,is25lp032d,qspi,32,x8-dual_parallel,,ISSI,,1,,is25lp
571,0,is25lp032d-qspi-x2-single,#NAME?,is25lp032d,qspi,32,x2-single,,ISSI,,1,,is25lp
572,0,is25lp032d-qspi-x2-dual_stacked,#NAME?,is25lp032d,qspi,32,x2-dual_stacked,,ISSI,,1,,is25lp
573,0,is25lp032d-qspi-x1-single,#NAME?,is25lp032d,qspi,32,x1-single,,ISSI,,1,,is25lp
574,0,is25lp032d-qspi-x1-dual_stacked,#NAME?,is25lp032d,qspi,32,x1-dual_stacked,,ISSI,,1,,is25lp
577,0,mt29f8g08ab-nand-x8,-,mt29f8g08ab,nand,8192,x8,,Micron,,1,,mt29f
579,0,is25lp064a-qspi-x4-single,#NAME?,is25lp064a,qspi,64,x4-single,,ISSI,,1,,is25lp
580,0,is25lp064a-qspi-x4-dual_stacked,#NAME?,is25lp064a,qspi,64,x4-dual_stacked,,ISSI,,1,,is25lp
581,0,is25lp064a-qspi-x8-dual_parallel,#NAME?,is25lp064a,qspi,64,x8-dual_parallel,,ISSI,,1,,is25lp
582,0,is25lp064a-qspi-x2-single,#NAME?,is25lp064a,qspi,64,x2-single,,ISSI,,1,,is25lp
583,0,is25lp064a-qspi-x2-dual_stacked,#NAME?,is25lp064a,qspi,64,x2-dual_stacked,,ISSI,,1,,is25lp
584,0,is25lp064a-qspi-x1-single,#NAME?,is25lp064a,qspi,64,x1-single,,ISSI,,1,,is25lp
585,0,is25lp064a-qspi-x1-dual_stacked,#NAME?,is25lp064a,qspi,64,x1-dual_stacked,,ISSI,,1,,is25lp
586,0,w25q128fw-qspi-x4-single,#NAME?,w25q128fw,qspi,128,x4-single,,Winbond,,1,,w25q
587,0,w25q128fw-qspi-x4-dual_stacked,#NAME?,w25q128fw,qspi,128,x4-dual_stacked,,Winbond,,1,,w25q
588,0,w25q128fw-qspi-x8-dual_parallel,#NAME?,w25q128fw,qspi,128,x8-dual_parallel,,Winbond,,1,,w25q
589,0,w25q128fw-qspi-x2-single,#NAME?,w25q128fw,qspi,128,x2-single,,Winbond,,1,,w25q
590,0,w25q128fw-qspi-x2-dual_stacked,#NAME?,w25q128fw,qspi,128,x2-dual_stacked,,Winbond,,1,,w25q
591,0,w25q128fw-qspi-x1-single,#NAME?,w25q128fw,qspi,128,x1-single,,Winbond,,1,,w25q
592,0,w25q128fw-qspi-x1-dual_stacked,#NAME?,w25q128fw,qspi,128,x1-dual_stacked,,Winbond,,1,,w25q
593,0,mt29f64g08ae-nand-x8,-,mt29f64g08ae,nand,65536,x8,,Micron,,1,,mt29f
594,0,mt29f32g08ae-nand-x8,-,mt29f32g08ae,nand,32768,x8,,Micron,,1,,mt29f
595,0,mtfc8gakajcn-4m-emmc,#NAME?,mtfc8gakajcn-4m,emmc,65536,,,Micron,,1,,mtfc
596,0,is25wp256d-spi-x1_x2_x4,#NAME?,is25wp256d,spi,256,x1_x2_x4,,ISSI,,1,,is25wp
597,0,is25wp256d-spi-x1_x2_x4_x8,#NAME?,is25wp256d,spi,256,x1_x2_x4_x8,,ISSI,,2,,is25wp
598,0,is25wp016d-spi-x1_x2_x4,#NAME?,is25wp016d,spi,16,x1_x2_x4,,ISSI,,1,,is25wp
599,0,is25wp016d-spi-x1_x2_x4_x8,#NAME?,is25wp016d,spi,16,x1_x2_x4_x8,,ISSI,,2,,is25wp
600,0,is25lp032d-spi-x1_x2_x4,#NAME?,is25lp032d,spi,32,x1_x2_x4,,ISSI,,1,,is25lp
601,0,is25lp032d-spi-x1_x2_x4_x8,#NAME?,is25lp032d,spi,32,x1_x2_x4_x8,,ISSI,,2,,is25lp
602,0,is25lp064a-spi-x1_x2_x4,#NAME?,is25lp064a,spi,64,x1_x2_x4,,ISSI,,1,,is25lp
603,0,is25lp064a-spi-x1_x2_x4_x8,#NAME?,is25lp064a,spi,64,x1_x2_x4_x8,,ISSI,,2,,is25lp
624,0,mx25l12835f-qspi-x4-single,#NAME?,mx25l12835f,qspi,128,x4-single,,Macronix,,1,mx25l12833f-qspi-x4-single,mx25l
625,0,mx25l12835f-qspi-x4-dual_stacked,#NAME?,mx25l12835f,qspi,128,x4-dual_stacked,,Macronix,,1,mx25l12833f-qspi-x4-dual_stacked,mx25l
626,0,mx25l12835f-qspi-x8-dual_parallel,#NAME?,mx25l12835f,qspi,128,x8-dual_parallel,,Macronix,,1,mx25l12833f-qspi-x8-dual_parallel,mx25l
627,0,mx25l12835f-qspi-x2-single,#NAME?,mx25l12835f,qspi,128,x2-single,,Macronix,,1,mx25l12833f-qspi-x2-single,mx25l
628,0,mx25l12835f-qspi-x2-dual_stacked,#NAME?,mx25l12835f,qspi,128,x2-dual_stacked,,Macronix,,1,mx25l12833f-qspi-x2-dual_stacked,mx25l
629,0,mx25l12835f-qspi-x1-single,#NAME?,mx25l12835f,qspi,128,x1-single,,Macronix,,1,mx25l12833f-qspi-x1-single,mx25l
630,0,mx25l12835f-qspi-x1-dual_stacked,#NAME?,mx25l12835f,qspi,128,x1-dual_stacked,,Macronix,,1,mx25l12833f-qspi-x1-dual_stacked,mx25l
631,0,is25wp080d-spi-x1_x2_x4,#NAME?,is25wp080d,spi,8,x1_x2_x4,,ISSI,,1,,is25wp
632,0,is25wp080d-spi-x1_x2_x4_x8,#NAME?,is25wp080d,spi,8,x1_x2_x4_x8,,ISSI,,2,,is25wp
633,0,is25lp080d-spi-x1_x2_x4,#NAME?,is25lp080d,spi,8,x1_x2_x4,,ISSI,,1,,is25lp
634,0,is25lp080d-spi-x1_x2_x4_x8,#NAME?,is25lp080d,spi,8,x1_x2_x4_x8,,ISSI,,2,,is25lp
635,0,is25lp016d-spi-x1_x2_x4,#NAME?,is25lp016d,spi,16,x1_x2_x4,,ISSI,,1,,is25lp
636,0,is25lp016d-spi-x1_x2_x4_x8,#NAME?,is25lp016d,spi,16,x1_x2_x4_x8,,ISSI,,2,,is25lp
637,0,is25wp032d-spi-x1_x2_x4,#NAME?,is25wp032d,spi,32,x1_x2_x4,,ISSI,,1,,is25wp
638,0,is25wp032d-spi-x1_x2_x4_x8,#NAME?,is25wp032d,spi,32,x1_x2_x4_x8,,ISSI,,2,,is25wp
639,0,is25wp064a-spi-x1_x2_x4,#NAME?,is25wp064a,spi,64,x1_x2_x4,,ISSI,,1,,is25wp
640,0,is25wp064a-spi-x1_x2_x4_x8,#NAME?,is25wp064a,spi,64,x1_x2_x4_x8,,ISSI,,2,,is25wp
641,0,is25lp256d-spi-x1_x2_x4,#NAME?,is25lp256d,spi,256,x1_x2_x4,,ISSI,,1,,is25lp
642,0,is25lp256d-spi-x1_x2_x4_x8,#NAME?,is25lp256d,spi,256,x1_x2_x4_x8,,ISSI,,2,,is25lp
643,0,is25wp016d-qspi-x4-single,#NAME?,is25wp016d,qspi,16,x4-single,,ISSI,,1,,is25wp
644,0,is25wp016d-qspi-x4-dual_stacked,#NAME?,is25wp016d,qspi,16,x4-dual_stacked,,ISSI,,1,,is25wp
645,0,is25wp016d-qspi-x8-dual_parallel,#NAME?,is25wp016d,qspi,16,x8-dual_parallel,,ISSI,,1,,is25wp
646,0,is25wp016d-qspi-x2-single,#NAME?,is25wp016d,qspi,16,x2-single,,ISSI,,1,,is25wp
647,0,is25wp016d-qspi-x2-dual_stacked,#NAME?,is25wp016d,qspi,16,x2-dual_stacked,,ISSI,,1,,is25wp
648,0,is25wp016d-qspi-x1-single,#NAME?,is25wp016d,qspi,16,x1-single,,ISSI,,1,,is25wp
649,0,is25wp016d-qspi-x1-dual_stacked,#NAME?,is25wp016d,qspi,16,x1-dual_stacked,,ISSI,,1,,is25wp
650,0,is25wp064a-qspi-x4-single,#NAME?,is25wp064a,qspi,64,x4-single,,ISSI,,1,,is25wp
651,0,is25wp064a-qspi-x4-dual_stacked,#NAME?,is25wp064a,qspi,64,x4-dual_stacked,,ISSI,,1,,is25wp
652,0,is25wp064a-qspi-x8-dual_parallel,#NAME?,is25wp064a,qspi,64,x8-dual_parallel,,ISSI,,1,,is25wp
653,0,is25wp064a-qspi-x2-single,#NAME?,is25wp064a,qspi,64,x2-single,,ISSI,,1,,is25wp
654,0,is25wp064a-qspi-x2-dual_stacked,#NAME?,is25wp064a,qspi,64,x2-dual_stacked,,ISSI,,1,,is25wp
655,0,is25wp064a-qspi-x1-single,#NAME?,is25wp064a,qspi,64,x1-single,,ISSI,,1,,is25wp
656,0,is25wp064a-qspi-x1-dual_stacked,#NAME?,is25wp064a,qspi,64,x1-dual_stacked,,ISSI,,1,,is25wp
657,0,is25wp128f-qspi-x4-single,#NAME?,is25wp128f,qspi,128,x4-single,,ISSI,,1,,is25wp
658,0,is25wp128f-qspi-x4-dual_stacked,#NAME?,is25wp128f,qspi,128,x4-dual_stacked,,ISSI,,1,,is25wp
659,0,is25wp128f-qspi-x8-dual_parallel,#NAME?,is25wp128f,qspi,128,x8-dual_parallel,,ISSI,,1,,is25wp
660,0,is25wp128f-qspi-x2-single,#NAME?,is25wp128f,qspi,128,x2-single,,ISSI,,1,,is25wp
661,0,is25wp128f-qspi-x2-dual_stacked,#NAME?,is25wp128f,qspi,128,x2-dual_stacked,,ISSI,,1,,is25wp
662,0,is25wp128f-qspi-x1-single,#NAME?,is25wp128f,qspi,128,x1-single,,ISSI,,1,,is25wp
663,0,is25wp128f-qspi-x1-dual_stacked,#NAME?,is25wp128f,qspi,128,x1-dual_stacked,,ISSI,,1,,is25wp
664,0,mx25l12845g-qspi-x4-single,#NAME?,mx25l12845g,qspi,128,x4-single,,Macronix,,1,,mx25l
665,0,mx25l12845g-qspi-x4-dual_stacked,#NAME?,mx25l12845g,qspi,128,x4-dual_stacked,,Macronix,,1,,mx25l
666,0,mx25l12845g-qspi-x8-dual_parallel,#NAME?,mx25l12845g,qspi,128,x8-dual_parallel,,Macronix,,1,,mx25l
667,0,mx25l12845g-qspi-x2-single,#NAME?,mx25l12845g,qspi,128,x2-single,,Macronix,,1,,mx25l
668,0,mx25l12845g-qspi-x2-dual_stacked,#NAME?,mx25l12845g,qspi,128,x2-dual_stacked,,Macronix,,1,,mx25l
669,0,mx25l12845g-qspi-x1-single,#NAME?,mx25l12845g,qspi,128,x1-single,,Macronix,,1,,mx25l
670,0,mx25l12845g-qspi-x1-dual_stacked,#NAME?,mx25l12845g,qspi,128,x1-dual_stacked,,Macronix,,1,,mx25l
671,0,s25fl128l-spi-x1_x2_x4_x8,#NAME?,s25fl128l,spi,128,x1_x2_x4_x8,,Spansion,,2,,s25flxxxl
672,0,s25fl256l-spi-x1_x2_x4,#NAME?,s25fl256l,spi,256,x1_x2_x4,,Spansion,,1,,s25flxxxl
673,0,s25fl256l-spi-x1_x2_x4_x8,#NAME?,s25fl256l,spi,256,x1_x2_x4_x8,,Spansion,,2,,s25flxxxl
674,0,is25wp032d-qspi-x4-single,#NAME?,is25wp032d,qspi,32,x4-single,,ISSI,,1,,is25wp
675,0,is25wp032d-qspi-x4-dual_stacked,#NAME?,is25wp032d,qspi,32,x4-dual_stacked,,ISSI,,1,,is25wp
676,0,is25wp032d-qspi-x8-dual_parallel,#NAME?,is25wp032d,qspi,32,x8-dual_parallel,,ISSI,,1,,is25wp
677,0,is25wp032d-qspi-x2-single,#NAME?,is25wp032d,qspi,32,x2-single,,ISSI,,1,,is25wp
678,0,is25wp032d-qspi-x2-dual_stacked,#NAME?,is25wp032d,qspi,32,x2-dual_stacked,,ISSI,,1,,is25wp
679,0,is25wp032d-qspi-x1-single,#NAME?,is25wp032d,qspi,32,x1-single,,ISSI,,1,,is25wp
680,0,is25wp032d-qspi-x1-dual_stacked,#NAME?,is25wp032d,qspi,32,x1-dual_stacked,,ISSI,,1,,is25wp
681,0,is25lp016d-qspi-x4-single,#NAME?,is25lp016d,qspi,16,x4-single,,ISSI,,1,,is25lp
682,0,is25lp016d-qspi-x4-dual_stacked,#NAME?,is25lp016d,qspi,16,x4-dual_stacked,,ISSI,,1,,is25lp
683,0,is25lp016d-qspi-x8-dual_parallel,#NAME?,is25lp016d,qspi,16,x8-dual_parallel,,ISSI,,1,,is25lp
684,0,is25lp016d-qspi-x2-single,#NAME?,is25lp016d,qspi,16,x2-single,,ISSI,,1,,is25lp
685,0,is25lp016d-qspi-x2-dual_stacked,#NAME?,is25lp016d,qspi,16,x2-dual_stacked,,ISSI,,1,,is25lp
686,0,is25lp016d-qspi-x1-single,#NAME?,is25lp016d,qspi,16,x1-single,,ISSI,,1,,is25lp
687,0,is25lp016d-qspi-x1-dual_stacked,#NAME?,is25lp016d,qspi,16,x1-dual_stacked,,ISSI,,1,,is25lp
688,0,is25lp080d-qspi-x4-single,#NAME?,is25lp080d,qspi,8,x4-single,,ISSI,,1,,is25lp
689,0,is25lp080d-qspi-x4-dual_stacked,#NAME?,is25lp080d,qspi,8,x4-dual_stacked,,ISSI,,1,,is25lp
690,0,is25lp080d-qspi-x8-dual_parallel,#NAME?,is25lp080d,qspi,8,x8-dual_parallel,,ISSI,,1,,is25lp
691,0,is25lp080d-qspi-x2-single,#NAME?,is25lp080d,qspi,8,x2-single,,ISSI,,1,,is25lp
692,0,is25lp080d-qspi-x2-dual_stacked,#NAME?,is25lp080d,qspi,8,x2-dual_stacked,,ISSI,,1,,is25lp
693,0,is25lp080d-qspi-x1-single,#NAME?,is25lp080d,qspi,8,x1-single,,ISSI,,1,,is25lp
694,0,is25lp080d-qspi-x1-dual_stacked,#NAME?,is25lp080d,qspi,8,x1-dual_stacked,,ISSI,,1,,is25lp
695,0,is25wp080d-qspi-x4-single,#NAME?,is25wp080d,qspi,8,x4-single,,ISSI,,1,,is25wp
696,0,is25wp080d-qspi-x4-dual_stacked,#NAME?,is25wp080d,qspi,8,x4-dual_stacked,,ISSI,,1,,is25wp
697,0,is25wp080d-qspi-x8-dual_parallel,#NAME?,is25wp080d,qspi,8,x8-dual_parallel,,ISSI,,1,,is25wp
698,0,is25wp080d-qspi-x2-single,#NAME?,is25wp080d,qspi,8,x2-single,,ISSI,,1,,is25wp
699,0,is25wp080d-qspi-x2-dual_stacked,#NAME?,is25wp080d,qspi,8,x2-dual_stacked,,ISSI,,1,,is25wp
700,0,is25wp080d-qspi-x1-single,#NAME?,is25wp080d,qspi,8,x1-single,,ISSI,,1,,is25wp
701,0,is25wp080d-qspi-x1-dual_stacked,#NAME?,is25wp080d,qspi,8,x1-dual_stacked,,ISSI,,1,,is25wp
704,0,is25wp128f-spi-x1_x2_x4,#NAME?,is25wp128f,spi,128,x1_x2_x4,,ISSI,,1,,is25wp
705,0,is25wp128f-spi-x1_x2_x4_x8,#NAME?,is25wp128f,spi,128,x1_x2_x4_x8,,ISSI,,2,,is25wp
706,0,is25lp128f-spi-x1_x2_x4,#NAME?,is25lp128f,spi,128,x1_x2_x4,,ISSI,,1,,is25lp
707,0,is25lp128f-spi-x1_x2_x4_x8,#NAME?,is25lp128f,spi,128,x1_x2_x4_x8,,ISSI,,2,,is25lp
709,1,qspi-x1-single,#NAME?,qspi,qspi,0,x1-single,,,,1,,
710,1,qspi-x1-dual_stacked,#NAME?,qspi,qspi,0,x1-dual_stacked,,,,1,,
711,1,qspi-x2-dual_stacked,#NAME?,qspi,qspi,0,x2-dual_stacked,,,,1,,
712,1,qspi-x2-single,#NAME?,qspi,qspi,0,x2-single,,,,1,,
720,0,is25lp128f-qspi-x4-single,#NAME?,is25lp128f,qspi,128,x4-single,,ISSI,,1,,is25lp
721,0,is25lp128f-qspi-x4-dual_stacked,#NAME?,is25lp128f,qspi,128,x4-dual_stacked,,ISSI,,1,,is25lp
722,0,is25lp128f-qspi-x8-dual_parallel,#NAME?,is25lp128f,qspi,128,x8-dual_parallel,,ISSI,,1,,is25lp
723,0,is25lp128f-qspi-x2-single,#NAME?,is25lp128f,qspi,128,x2-single,,ISSI,,1,,is25lp
724,0,is25lp128f-qspi-x2-dual_stacked,#NAME?,is25lp128f,qspi,128,x2-dual_stacked,,ISSI,,1,,is25lp
725,0,is25lp128f-qspi-x1-single,#NAME?,is25lp128f,qspi,128,x1-single,,ISSI,,1,,is25lp
726,0,is25lp128f-qspi-x1-dual_stacked,#NAME?,is25lp128f,qspi,128,x1-dual_stacked,,ISSI,,1,,is25lp
734,0,is25wp512m-qspi-x4-single,#NAME?,is25wp512m,qspi,512,x4-single,,ISSI,,1,,is25wp
735,0,is25wp512m-qspi-x4-dual_stacked,#NAME?,is25wp512m,qspi,512,x4-dual_stacked,,ISSI,,1,,is25wp
736,0,is25wp512m-qspi-x8-dual_parallel,#NAME?,is25wp512m,qspi,512,x8-dual_parallel,,ISSI,,1,,is25wp
737,0,is25wp512m-qspi-x2-single,#NAME?,is25wp512m,qspi,512,x2-single,,ISSI,,1,,is25wp
738,0,is25wp512m-qspi-x2-dual_stacked,#NAME?,is25wp512m,qspi,512,x2-dual_stacked,,ISSI,,1,,is25wp
739,0,is25wp512m-qspi-x1-single,#NAME?,is25wp512m,qspi,512,x1-single,,ISSI,,1,,is25wp
740,0,is25wp512m-qspi-x1-dual_stacked,#NAME?,is25wp512m,qspi,512,x1-dual_stacked,,ISSI,,1,,is25wp
741,0,is25lp512m-qspi-x4-single,#NAME?,is25lp512m,qspi,512,x4-single,,ISSI,,1,,is25lp
742,0,is25lp512m-qspi-x4-dual_stacked,#NAME?,is25lp512m,qspi,512,x4-dual_stacked,,ISSI,,1,,is25lp
743,0,is25lp512m-qspi-x8-dual_parallel,#NAME?,is25lp512m,qspi,512,x8-dual_parallel,,ISSI,,1,,is25lp
744,0,is25lp512m-qspi-x2-single,#NAME?,is25lp512m,qspi,512,x2-single,,ISSI,,1,,is25lp
745,0,is25lp512m-qspi-x2-dual_stacked,#NAME?,is25lp512m,qspi,512,x2-dual_stacked,,ISSI,,1,,is25lp
746,0,is25lp512m-qspi-x1-single,#NAME?,is25lp512m,qspi,512,x1-single,,ISSI,,1,,is25lp
747,0,is25lp512m-qspi-x1-dual_stacked,#NAME?,is25lp512m,qspi,512,x1-dual_stacked,,ISSI,,1,,is25lp
748,0,mx66u2g45g-qspi-x4-single,#NAME?,mx66u2g45g,qspi,2048,x4-single,,Macronix,,1,,mx66u
749,0,mx66u2g45g-qspi-x4-dual_stacked,#NAME?,mx66u2g45g,qspi,2048,x4-dual_stacked,,Macronix,,1,,mx66u
750,0,mx66u2g45g-qspi-x8-dual_parallel,#NAME?,mx66u2g45g,qspi,2048,x8-dual_parallel,,Macronix,,1,,mx66u
751,0,mx66u2g45g-qspi-x2-single,#NAME?,mx66u2g45g,qspi,2048,x2-single,,Macronix,,1,,mx66u
752,0,mx66u2g45g-qspi-x2-dual_stacked,#NAME?,mx66u2g45g,qspi,2048,x2-dual_stacked,,Macronix,,1,,mx66u
753,0,mx66u2g45g-qspi-x1-single,#NAME?,mx66u2g45g,qspi,2048,x1-single,,Macronix,,1,,mx66u
754,0,mx66u2g45g-qspi-x1-dual_stacked,#NAME?,mx66u2g45g,qspi,2048,x1-dual_stacked,,Macronix,,1,,mx66u
755,0,mx66l2g45g-qspi-x4-single,#NAME?,mx66l2g45g,qspi,2048,x4-single,,Macronix,,1,,mx66l
756,0,mx66l2g45g-qspi-x4-dual_stacked,#NAME?,mx66l2g45g,qspi,2048,x4-dual_stacked,,Macronix,,1,,mx66l
757,0,mx66l2g45g-qspi-x8-dual_parallel,#NAME?,mx66l2g45g,qspi,2048,x8-dual_parallel,,Macronix,,1,,mx66l
758,0,mx66l2g45g-qspi-x2-single,#NAME?,mx66l2g45g,qspi,2048,x2-single,,Macronix,,1,,mx66l
759,0,mx66l2g45g-qspi-x2-dual_stacked,#NAME?,mx66l2g45g,qspi,2048,x2-dual_stacked,,Macronix,,1,,mx66l
760,0,mx66l2g45g-qspi-x1-single,#NAME?,mx66l2g45g,qspi,2048,x1-single,,Macronix,,1,,mx66l
761,0,mx66l2g45g-qspi-x1-dual_stacked,#NAME?,mx66l2g45g,qspi,2048,x1-dual_stacked,,Macronix,,1,,mx66l
762,0,mx25u51245g-qspi-x4-single,#NAME?,mx25u51245g,qspi,512,x4-single,,Macronix,,1,,mx25u
763,0,mx25u51245g-qspi-x4-dual_stacked,#NAME?,mx25u51245g,qspi,512,x4-dual_stacked,,Macronix,,1,,mx25u
764,0,mx25u51245g-qspi-x8-dual_parallel,#NAME?,mx25u51245g,qspi,512,x8-dual_parallel,,Macronix,,1,,mx25u
765,0,mx25u51245g-qspi-x2-single,#NAME?,mx25u51245g,qspi,512,x2-single,,Macronix,,1,,mx25u
766,0,mx25u51245g-qspi-x2-dual_stacked,#NAME?,mx25u51245g,qspi,512,x2-dual_stacked,,Macronix,,1,,mx25u
767,0,mx25u51245g-qspi-x1-single,#NAME?,mx25u51245g,qspi,512,x1-single,,Macronix,,1,,mx25u
768,0,mx25u51245g-qspi-x1-dual_stacked,#NAME?,mx25u51245g,qspi,512,x1-dual_stacked,,Macronix,,1,,mx25u
769,0,mx25l51245g-qspi-x4-single,#NAME?,mx25l51245g,qspi,512,x4-single,,Macronix,,1,,mx25l
770,0,mx25l51245g-qspi-x4-dual_stacked,#NAME?,mx25l51245g,qspi,512,x4-dual_stacked,,Macronix,,1,,mx25l
771,0,mx25l51245g-qspi-x8-dual_parallel,#NAME?,mx25l51245g,qspi,512,x8-dual_parallel,,Macronix,,1,,mx25l
772,0,mx25l51245g-qspi-x2-single,#NAME?,mx25l51245g,qspi,512,x2-single,,Macronix,,1,,mx25l
773,0,mx25l51245g-qspi-x2-dual_stacked,#NAME?,mx25l51245g,qspi,512,x2-dual_stacked,,Macronix,,1,,mx25l
774,0,mx25l51245g-qspi-x1-single,#NAME?,mx25l51245g,qspi,512,x1-single,,Macronix,,1,,mx25l
775,0,mx25l51245g-qspi-x1-dual_stacked,#NAME?,mx25l51245g,qspi,512,x1-dual_stacked,,Macronix,,1,,mx25l
776,0,s25fl064l-qspi-x4-single,#NAME?,s25fl064l,qspi,64,x4-single,,Spansion,,1,,s25flxxxl
777,0,s25fl064l-qspi-x4-dual_stacked,#NAME?,s25fl064l,qspi,64,x4-dual_stacked,,Spansion,,1,,s25flxxxl
778,0,s25fl064l-qspi-x8-dual_parallel,#NAME?,s25fl064l,qspi,64,x8-dual_parallel,,Spansion,,1,,s25flxxxl
779,0,s25fl064l-qspi-x2-single,#NAME?,s25fl064l,qspi,64,x2-single,,Spansion,,1,,s25flxxxl
780,0,s25fl064l-qspi-x2-dual_stacked,#NAME?,s25fl064l,qspi,64,x2-dual_stacked,,Spansion,,1,,s25flxxxl
781,0,s25fl064l-qspi-x1-single,#NAME?,s25fl064l,qspi,64,x1-single,,Spansion,,1,,s25flxxxl
782,0,s25fl064l-qspi-x1-dual_stacked,#NAME?,s25fl064l,qspi,64,x1-dual_stacked,,Spansion,,1,,s25flxxxl
783,0,mt29f16g08ab-nand-x8,-,mt29f16g08ab,nand,16384,x8,,Micron,,1,,mt29f
784,0,s25fl256l-qspi-x4-single,#NAME?,s25fl256l,qspi,256,x4-single,,Spansion,,1,,s25flxxxl
785,0,s25fl256l-qspi-x4-dual_stacked,#NAME?,s25fl256l,qspi,256,x4-dual_stacked,,Spansion,,1,,s25flxxxl
786,0,s25fl256l-qspi-x8-dual_parallel,#NAME?,s25fl256l,qspi,256,x8-dual_parallel,,Spansion,,1,,s25flxxxl
787,0,s25fl256l-qspi-x2-single,#NAME?,s25fl256l,qspi,256,x2-single,,Spansion,,1,,s25flxxxl
788,0,s25fl256l-qspi-x2-dual_stacked,#NAME?,s25fl256l,qspi,256,x2-dual_stacked,,Spansion,,1,,s25flxxxl
789,0,s25fl256l-qspi-x1-single,#NAME?,s25fl256l,qspi,256,x1-single,,Spansion,,1,,s25flxxxl
790,0,s25fl256l-qspi-x1-dual_stacked,#NAME?,s25fl256l,qspi,256,x1-dual_stacked,,Spansion,,1,,s25flxxxl
791,0,cfgmem-qspi-x4-single,#NAME?,cfgmem,qspi,2048,x4-single,, ,,1,, 
792,0,cfgmem-qspi-x4-dual_stacked,#NAME?,cfgmem,qspi,2048,x4-dual_stacked,, ,,1,, 
793,0,cfgmem-qspi-x8-dual_parallel,#NAME?,cfgmem,qspi,2048,x8-dual_parallel,, ,,1,, 
794,0,cfgmem-qspi-x2-single,#NAME?,cfgmem,qspi,2048,x2-single,, ,,1,, 
795,0,cfgmem-qspi-x2-dual_stacked,#NAME?,cfgmem,qspi,2048,x2-dual_stacked,, ,,1,, 
796,0,cfgmem-qspi-x1-single,#NAME?,cfgmem,qspi,2048,x1-single,, ,,1,, 
797,0,cfgmem-qspi-x1-dual_stacked,#NAME?,cfgmem,qspi,2048,x1-dual_stacked,, ,,1,, 
799,0,is25wp512m-spi-x1_x2_x4,#NAME?,is25wp512m,spi,512,x1_x2_x4,,ISSI,,1,,is25wp
800,0,is25wp512m-spi-x1_x2_x4_x8,#NAME?,is25wp512m,spi,512,x1_x2_x4_x8,,ISSI,,2,,is25wp
801,0,is25lp512m-spi-x1_x2_x4,#NAME?,is25lp512m,spi,512,x1_x2_x4,,ISSI,,1,,is25lp
802,0,is25lp512m-spi-x1_x2_x4_x8,#NAME?,is25lp512m,spi,512,x1_x2_x4_x8,,ISSI,,2,,is25lp
803,0,mx29gl128f-bpi-x8,#NAME?,mx29gl128f,bpi,128,x8,"""23:13""",Macronix,,1,,mx29gl
804,0,mx29gl128f-bpi-x16,#NAME?,mx29gl128f,bpi,128,x16,"""22:13""",Macronix,,1,,mx29gl
805,1,nand-x8-single,#NAME?,nand,nand,0,x8-single,,,,1,,
806,1,nand-x8-dual,#NAME?,nand,nand,0,x8-dual,,,,1,,
807,0,mt29f2g08ab-nand-x8-single,#NAME?,mt29f2g08ab,nand,2048,x8-single,,Micron,,1,,mt29f
808,0,mt29f2g08ab-nand-x8-dual,#NAME?,mt29f2g08ab,nand,2048,x8-dual,,Micron,,1,,mt29f
809,0,s34ml02g1-nand-x8-single,#NAME?,s34ml02g1,nand,2048,x8-single,,Spansion,,1,,s34ml
810,0,s34ml02g1-nand-x8-dual,#NAME?,s34ml02g1,nand,2048,x8-dual,,Spansion,,1,,s34ml
811,0,s34ml01g1-nand-x8-single,#NAME?,s34ml01g1,nand,1024,x8-single,,Spansion,,1,,s34ml
812,0,s34ml01g1-nand-x8-dual,#NAME?,s34ml01g1,nand,1024,x8-dual,,Spansion,,1,,s34ml
813,0,mt29f8g08ab-nand-x8-single,#NAME?,mt29f8g08ab,nand,8192,x8-single,,Micron,,1,,mt29f
814,0,mt29f8g08ab-nand-x8-dual,#NAME?,mt29f8g08ab,nand,8192,x8-dual,,Micron,,1,,mt29f
815,0,mt29f64g08ae-nand-x8-single,#NAME?,mt29f64g08ae,nand,65536,x8-single,,Micron,,1,,mt29f
816,0,mt29f64g08ae-nand-x8-dual,#NAME?,mt29f64g08ae,nand,65536,x8-dual,,Micron,,1,,mt29f
817,0,mt29f32g08ae-nand-x8-single,#NAME?,mt29f32g08ae,nand,32768,x8-single,,Micron,,1,,mt29f
818,0,mt29f32g08ae-nand-x8-dual,#NAME?,mt29f32g08ae,nand,32768,x8-dual,,Micron,,1,,mt29f
819,0,mt29f16g08ab-nand-x8-single,#NAME?,mt29f16g08ab,nand,16384,x8-single,,Micron,,1,,mt29f
820,0,mt29f16g08ab-nand-x8-dual,#NAME?,mt29f16g08ab,nand,16384,x8-dual,,Micron,,1,,mt29f
821,0,cfgmem-ospi-x8-single,#NULL!,cfgmem,ospi,2048,x8-single,, ,,1,, 
822,0,cfgmem-ospi-x8-dual_stacked,#NULL!,cfgmem,ospi,2048,x8-dual_stacked,, ,,1,, 
830,0,w25h02jv-qspi-x4-single,#NAME?,w25h02jv,qspi,2048,x4-single,,Winbond,,1,,w25h
831,0,w25h02jv-qspi-x4-dual_stacked,#NAME?,w25h02jv,qspi,2048,x4-dual_stacked,,Winbond,,1,,w25h
832,0,w25h02jv-qspi-x8-dual_parallel,#NAME?,w25h02jv,qspi,2048,x8-dual_parallel,,Winbond,,1,,w25h
833,0,w25h02jv-qspi-x2-single,#NAME?,w25h02jv,qspi,2048,x2-single,,Winbond,,1,,w25h
834,0,w25h02jv-qspi-x2-dual_stacked,#NAME?,w25h02jv,qspi,2048,x2-dual_stacked,,Winbond,,1,,w25h
835,0,w25h02jv-qspi-x1-single,#NAME?,w25h02jv,qspi,2048,x1-single,,Winbond,,1,,w25h
836,0,w25h02jv-qspi-x1-dual_stacked,#NAME?,w25h02jv,qspi,2048,x1-dual_stacked,,Winbond,,1,,w25h
837,0,mx25l12872f-qspi-x4-single,#NAME?,mx25l12872f,qspi,128,x4-single,,Macronix,,1,,mx25l
838,0,mx25l12872f-qspi-x4-dual_stacked,#NAME?,mx25l12872f,qspi,128,x4-dual_stacked,,Macronix,,1,,mx25l
839,0,mx25l12872f-qspi-x8-dual_parallel,#NAME?,mx25l12872f,qspi,128,x8-dual_parallel,,Macronix,,1,,mx25l
840,0,mx25l12872f-qspi-x2-single,#NAME?,mx25l12872f,qspi,128,x2-single,,Macronix,,1,,mx25l
841,0,mx25l12872f-qspi-x2-dual_stacked,#NAME?,mx25l12872f,qspi,128,x2-dual_stacked,,Macronix,,1,,mx25l
842,0,mx25l12872f-qspi-x1-single,#NAME?,mx25l12872f,qspi,128,x1-single,,Macronix,,1,,mx25l
843,0,mx25l12872f-qspi-x1-dual_stacked,#NAME?,mx25l12872f,qspi,128,x1-dual_stacked,,Macronix,,1,,mx25l
844,0,mx25l25673g-qspi-x4-single,#NAME?,mx25l25673g,qspi,256,x4-single,,Macronix,,1,,mx25l
845,0,mx25l25673g-qspi-x4-dual_stacked,#NAME?,mx25l25673g,qspi,256,x4-dual_stacked,,Macronix,,1,,mx25l
846,0,mx25l25673g-qspi-x8-dual_parallel,#NAME?,mx25l25673g,qspi,256,x8-dual_parallel,,Macronix,,1,,mx25l
847,0,mx25l25673g-qspi-x2-single,#NAME?,mx25l25673g,qspi,256,x2-single,,Macronix,,1,,mx25l
848,0,mx25l25673g-qspi-x2-dual_stacked,#NAME?,mx25l25673g,qspi,256,x2-dual_stacked,,Macronix,,1,,mx25l
849,0,mx25l25673g-qspi-x1-single,#NAME?,mx25l25673g,qspi,256,x1-single,,Macronix,,1,,mx25l
850,0,mx25l25673g-qspi-x1-dual_stacked,#NAME?,mx25l25673g,qspi,256,x1-dual_stacked,,Macronix,,1,,mx25l
851,0,mx25l51273g-qspi-x4-single,#NAME?,mx25l51273g,qspi,512,x4-single,,Macronix,,1,,mx25l
852,0,mx25l51273g-qspi-x4-dual_stacked,#NAME?,mx25l51273g,qspi,512,x4-dual_stacked,,Macronix,,1,,mx25l
853,0,mx25l51273g-qspi-x8-dual_parallel,#NAME?,mx25l51273g,qspi,512,x8-dual_parallel,,Macronix,,1,,mx25l
854,0,mx25l51273g-qspi-x2-single,#NAME?,mx25l51273g,qspi,512,x2-single,,Macronix,,1,,mx25l
855,0,mx25l51273g-qspi-x2-dual_stacked,#NAME?,mx25l51273g,qspi,512,x2-dual_stacked,,Macronix,,1,,mx25l
856,0,mx25l51273g-qspi-x1-single,#NAME?,mx25l51273g,qspi,512,x1-single,,Macronix,,1,,mx25l
857,0,mx25l51273g-qspi-x1-dual_stacked,#NAME?,mx25l51273g,qspi,512,x1-dual_stacked,,Macronix,,1,,mx25l
858,0,mx25u12872f-qspi-x4-single,#NAME?,mx25u12872f,qspi,128,x4-single,,Macronix,,1,,mx25u
859,0,mx25u12872f-qspi-x4-dual_stacked,#NAME?,mx25u12872f,qspi,128,x4-dual_stacked,,Macronix,,1,,mx25u
860,0,mx25u12872f-qspi-x8-dual_parallel,#NAME?,mx25u12872f,qspi,128,x8-dual_parallel,,Macronix,,1,,mx25u
861,0,mx25u12872f-qspi-x2-single,#NAME?,mx25u12872f,qspi,128,x2-single,,Macronix,,1,,mx25u
862,0,mx25u12872f-qspi-x2-dual_stacked,#NAME?,mx25u12872f,qspi,128,x2-dual_stacked,,Macronix,,1,,mx25u
863,0,mx25u12872f-qspi-x1-single,#NAME?,mx25u12872f,qspi,128,x1-single,,Macronix,,1,,mx25u
864,0,mx25u12872f-qspi-x1-dual_stacked,#NAME?,mx25u12872f,qspi,128,x1-dual_stacked,,Macronix,,1,,mx25u
865,0,mx25u12843g-qspi-x4-single,#NAME?,mx25u12843g,qspi,128,x4-single,,Macronix,,1,,mx25u
866,0,mx25u12843g-qspi-x4-dual_stacked,#NAME?,mx25u12843g,qspi,128,x4-dual_stacked,,Macronix,,1,,mx25u
867,0,mx25u12843g-qspi-x8-dual_parallel,#NAME?,mx25u12843g,qspi,128,x8-dual_parallel,,Macronix,,1,,mx25u
868,0,mx25u12843g-qspi-x2-single,#NAME?,mx25u12843g,qspi,128,x2-single,,Macronix,,1,,mx25u
869,0,mx25u12843g-qspi-x2-dual_stacked,#NAME?,mx25u12843g,qspi,128,x2-dual_stacked,,Macronix,,1,,mx25u
870,0,mx25u12843g-qspi-x1-single,#NAME?,mx25u12843g,qspi,128,x1-single,,Macronix,,1,,mx25u
871,0,mx25u12843g-qspi-x1-dual_stacked,#NAME?,mx25u12843g,qspi,128,x1-dual_stacked,,Macronix,,1,,mx25u
872,0,mx25u25673g-qspi-x4-single,#NAME?,mx25u25673g,qspi,256,x4-single,,Macronix,,1,,mx25u
873,0,mx25u25673g-qspi-x4-dual_stacked,#NAME?,mx25u25673g,qspi,256,x4-dual_stacked,,Macronix,,1,,mx25u
874,0,mx25u25673g-qspi-x8-dual_parallel,#NAME?,mx25u25673g,qspi,256,x8-dual_parallel,,Macronix,,1,,mx25u
875,0,mx25u25673g-qspi-x2-single,#NAME?,mx25u25673g,qspi,256,x2-single,,Macronix,,1,,mx25u
876,0,mx25u25673g-qspi-x2-dual_stacked,#NAME?,mx25u25673g,qspi,256,x2-dual_stacked,,Macronix,,1,,mx25u
877,0,mx25u25673g-qspi-x1-single,#NAME?,mx25u25673g,qspi,256,x1-single,,Macronix,,1,,mx25u
878,0,mx25u25673g-qspi-x1-dual_stacked,#NAME?,mx25u25673g,qspi,256,x1-dual_stacked,,Macronix,,1,,mx25u
879,0,mx25u25643g-qspi-x4-single,#NAME?,mx25u25643g,qspi,256,x4-single,,Macronix,,1,,mx25u
880,0,mx25u25643g-qspi-x4-dual_stacked,#NAME?,mx25u25643g,qspi,256,x4-dual_stacked,,Macronix,,1,,mx25u
881,0,mx25u25643g-qspi-x8-dual_parallel,#NAME?,mx25u25643g,qspi,256,x8-dual_parallel,,Macronix,,1,,mx25u
882,0,mx25u25643g-qspi-x2-single,#NAME?,mx25u25643g,qspi,256,x2-single,,Macronix,,1,,mx25u
883,0,mx25u25643g-qspi-x2-dual_stacked,#NAME?,mx25u25643g,qspi,256,x2-dual_stacked,,Macronix,,1,,mx25u
884,0,mx25u25643g-qspi-x1-single,#NAME?,mx25u25643g,qspi,256,x1-single,,Macronix,,1,,mx25u
885,0,mx25u25643g-qspi-x1-dual_stacked,#NAME?,mx25u25643g,qspi,256,x1-dual_stacked,,Macronix,,1,,mx25u
886,0,mx25l12872f-spi-x1_x2_x4,#NAME?,mx25l12872f,spi,128,x1_x2_x4,,Macronix,,1,mx25l12833f-mx25l12835f-mx25l12845g-spi-x1_x2_x4,mx25l
887,0,mx25l12872f-spi-x1_x2_x4_x8,#NAME?,mx25l12872f,spi,128,x1_x2_x4_x8,,Macronix,,2,mx25l12833f-mx25l12835f-mx25l12845g-spi-x1_x2_x4_x8,mx25l
888,0,mx25l25673g-spi-x1_x2_x4,#NAME?,mx25l25673g,spi,256,x1_x2_x4,,Macronix,,1,mx25l25635f-mx25l25645g-spi-x1_x2_x4,mx25l
889,0,mx25l25673g-spi-x1_x2_x4_x8,#NAME?,mx25l25673g,spi,256,x1_x2_x4_x8,,Macronix,,2,mx25l25635f-mx25l25645g-spi-x1_x2_x4_x8,mx25l
890,0,mx25l51273g-spi-x1_x2_x4,#NAME?,mx25l51273g,spi,512,x1_x2_x4,,Macronix,,1,mx25l51245g-mx66l51235f-spi-x1_x2_x4,mx25l
891,0,mx25l51273g-spi-x1_x2_x4_x8,#NAME?,mx25l51273g,spi,512,x1_x2_x4_x8,,Macronix,,2,mx25l51245g-mx66l51235f-spi-x1_x2_x4_x8,mx25l
892,0,mx25u12872f-spi-x1_x2_x4,#NAME?,mx25u12872f,spi,128,x1_x2_x4,,Macronix,,1,mx25u12832f-mx25u12835f-mx25u12843g-spi-x1_x2_x4,mx25u
893,0,mx25u12872f-spi-x1_x2_x4_x8,#NAME?,mx25u12872f,spi,128,x1_x2_x4_x8,,Macronix,,2,mx25u12832f-mx25u12835f-mx25u12843g-spi-x1_x2_x4_x8,mx25u
896,0,mx25u25673g-spi-x1_x2_x4,#NAME?,mx25u25673g,spi,256,x1_x2_x4,,Macronix,,1,mx25u25635f-mx25u25643g-mx25u25645g-spi-x1_x2_x4,mx25u
897,0,mx25u25673g-spi-x1_x2_x4_x8,#NAME?,mx25u25673g,spi,256,x1_x2_x4_x8,,Macronix,,2,mx25u25635f-mx25u25643g-mx25u25645g-spi-x1_x2_x4_x8,mx25u
902,0,mx25u8035f-spi-x1_x2_x4,#NAME?,mx25u8035f,spi,8,x1_x2_x4,,Macronix,,1,mx25u8033e-spi-x1_x2_x4,mx25u
903,0,mx25u8035f-spi-x1_x2_x4_x8,#NAME?,mx25u8035f,spi,8,x1_x2_x4_x8,,Macronix,,2,mx25u8033e-spi-x1_x2_x4_x8,mx25lu
904,0,mx25u6472f-spi-x1_x2_x4,#NAME?,mx25u6472f,spi,64,x1_x2_x4,,Macronix,,1,mx25u6435f-mx25u6432f-spi-x1_x2_x4,mx25u
905,0,mx25u6472f-spi-x1_x2_x4_x8,#NAME?,mx25u6472f,spi,64,x1_x2_x4_x8,,Macronix,,2,mx25u6435f-mx25u6432f-spi-x1_x2_x4_x8,mx25u
906,0,mx25u6472f-qspi-x4-single,#NAME?,mx25u6472f,qspi,64,x4-single,,Macronix,,1,,mx25u
907,0,mx25u6472f-qspi-x4-dual_stacked,#NAME?,mx25u6472f,qspi,64,x4-dual_stacked,,Macronix,,1,,mx25u
908,0,mx25u6472f-qspi-x8-dual_parallel,#NAME?,mx25u6472f,qspi,64,x8-dual_parallel,,Macronix,,1,,mx25u
909,0,mx25u6472f-qspi-x2-single,#NAME?,mx25u6472f,qspi,64,x2-single,,Macronix,,1,,mx25u
910,0,mx25u6472f-qspi-x2-dual_stacked,#NAME?,mx25u6472f,qspi,64,x2-dual_stacked,,Macronix,,1,,mx25u
911,0,mx25u6472f-qspi-x1-single,#NAME?,mx25u6472f,qspi,64,x1-single,,Macronix,,1,,mx25u
912,0,mx25u6472f-qspi-x1-dual_stacked,#NAME?,mx25u6472f,qspi,64,x1-dual_stacked,,Macronix,,1,,mx25u
914,0,mx25u8035f-qspi-x4-single,#NAME?,mx25u8035f,qspi,8,x4-single,,Macronix,,1,,mx25u
915,0,mx25u8035f-qspi-x4-dual_stacked,#NAME?,mx25u8035f,qspi,8,x4-dual_stacked,,Macronix,,1,,mx25u
916,0,mx25u8035f-qspi-x8-dual_parallel,#NAME?,mx25u8035f,qspi,8,x8-dual_parallel,,Macronix,,1,,mx25u
917,0,mx25u8035f-qspi-x2-single,#NAME?,mx25u8035f,qspi,8,x2-single,,Macronix,,1,,mx25u
918,0,mx25u8035f-qspi-x2-dual_stacked,#NAME?,mx25u8035f,qspi,8,x2-dual_stacked,,Macronix,,1,,mx25u
919,0,mx25u8035f-qspi-x1-single,#NAME?,mx25u8035f,qspi,8,x1-single,,Macronix,,1,,mx25u
920,0,mx25u8035f-qspi-x1-dual_stacked,#NAME?,mx25u8035f,qspi,8,x1-dual_stacked,,Macronix,,1,,mx25u
921,0,mx25l12833f-qspi-x4-single,#NAME?,mx25l12833f,qspi,128,x4-single,,Macronix,,1,,mx25l
922,0,mx25l12833f-qspi-x4-dual_stacked,#NAME?,mx25l12833f,qspi,128,x4-dual_stacked,,Macronix,,1,,mx25l
923,0,mx25l12833f-qspi-x8-dual_parallel,#NAME?,mx25l12833f,qspi,128,x8-dual_parallel,,Macronix,,1,,mx25l
924,0,mx25l12833f-qspi-x2-single,#NAME?,mx25l12833f,qspi,128,x2-single,,Macronix,,1,,mx25l
925,0,mx25l12833f-qspi-x2-dual_stacked,#NAME?,mx25l12833f,qspi,128,x2-dual_stacked,,Macronix,,1,,mx25l
926,0,mx25l12833f-qspi-x1-single,#NAME?,mx25l12833f,qspi,128,x1-single,,Macronix,,1,,mx25l
927,0,mx25l12833f-qspi-x1-dual_stacked,#NAME?,mx25l12833f,qspi,128,x1-dual_stacked,,Macronix,,1,,mx25l
928,0,is25lp01g-qspi-x4-single,#NAME?,is25lp01g,qspi,1024,x4-single,,ISSI,,1,,is25l
929,0,is25lp01g-qspi-x4-dual_stacked,#NAME?,is25lp01g,qspi,1024,x4-dual_stacked,,ISSI,,1,,is25l
930,0,is25lp01g-qspi-x8-dual_parallel,#NAME?,is25lp01g,qspi,1024,x8-dual_parallel,,ISSI,,1,,is25l
931,0,is25lp01g-qspi-x2-single,#NAME?,is25lp01g,qspi,1024,x2-single,,ISSI,,1,,is25l
932,0,is25lp01g-qspi-x2-dual_stacked,#NAME?,is25lp01g,qspi,1024,x2-dual_stacked,,ISSI,,1,,is25l
933,0,is25lp01g-qspi-x1-single,#NAME?,is25lp01g,qspi,1024,x1-single,,ISSI,,1,,is25l
934,0,is25lp01g-qspi-x1-dual_stacked,#NAME?,is25lp01g,qspi,1024,x1-dual_stacked,,ISSI,,1,,is25l
935,0,is25wp01g-qspi-x4-single,#NAME?,is25wp01g,qspi,1024,x4-single,,ISSI,,1,,is25w
936,0,is25wp01g-qspi-x4-dual_stacked,#NAME?,is25wp01g,qspi,1024,x4-dual_stacked,,ISSI,,1,,is25w
937,0,is25wp01g-qspi-x8-dual_parallel,#NAME?,is25wp01g,qspi,1024,x8-dual_parallel,,ISSI,,1,,is25w
938,0,is25wp01g-qspi-x2-single,#NAME?,is25wp01g,qspi,1024,x2-single,,ISSI,,1,,is25w
939,0,is25wp01g-qspi-x2-dual_stacked,#NAME?,is25wp01g,qspi,1024,x2-dual_stacked,,ISSI,,1,,is25w
940,0,is25wp01g-qspi-x1-single,#NAME?,is25wp01g,qspi,1024,x1-single,,ISSI,,1,,is25w
941,0,is25wp01g-qspi-x1-dual_stacked,#NAME?,is25wp01g,qspi,1024,x1-dual_stacked,,ISSI,,1,,is25w
942,0,is25wp01g-spi-x1_x2_x4,#NAME?,is25wp01g,spi,1024,x1_x2_x4,,ISSI,,1,,is25w
943,0,is25wp01g-spi-x1_x2_x4_x8,#NAME?,is25wp01g,spi,1024,x1_x2_x4_x8,,ISSI,,2,,is25w
944,0,is25lp01g-spi-x1_x2_x4,#NAME?,is25lp01g,spi,1024,x1_x2_x4,,ISSI,,1,,is25l
945,0,is25lp01g-spi-x1_x2_x4_x8,#NAME?,is25lp01g,spi,1024,x1_x2_x4_x8,,ISSI,,2,,is25l
946,0,mx25l3273f-qspi-x4-single,#NAME?,mx25l3273f,qspi,32,x4-single,,Macronix,,1,,mx25l
947,0,mx25l3273f-qspi-x4-dual_stacked,#NAME?,mx25l3273f,qspi,32,x4-dual_stacked,,Macronix,,1,,mx25l
948,0,mx25l3273f-qspi-x8-dual_parallel,#NAME?,mx25l3273f,qspi,32,x8-dual_parallel,,Macronix,,1,,mx25l
949,0,mx25l3273f-qspi-x2-single,#NAME?,mx25l3273f,qspi,32,x2-single,,Macronix,,1,,mx25l
950,0,mx25l3273f-qspi-x2-dual_stacked,#NAME?,mx25l3273f,qspi,32,x2-dual_stacked,,Macronix,,1,,mx25l
951,0,mx25l3273f-qspi-x1-single,#NAME?,mx25l3273f,qspi,32,x1-single,,Macronix,,1,,mx25l
952,0,mx25l3273f-qspi-x1-dual_stacked,#NAME?,mx25l3273f,qspi,32,x1-dual_stacked,,Macronix,,1,,mx25l
